Client,data_recente,target,qt_faltas,moda_staff_faltante,moda_servico_faltante,moda_servico_cancelado,moda_staff_cancelado,antecedencia,qt_cancelamentos,moda_staff_prestou_servico,moda_dia,qte_servicos_por_dia,media,mediana,desvio_padrao,min,max,sum,qte_servico_recebido,recencia,ultimo_pagamento
KERT01,2018-06-20,0,0,nenhum,nenhum,nenhum,nenhum,,0,JJ,Tuesday,1.5,84.66666666666667,82.0,16.165807537309522,70.0,102.0,254.0,3,50.0,172.0
COOM01,2018-06-15,0,0,nenhum,nenhum,nenhum,nenhum,,0,SINEAD,Thursday,1.0,70.0,70.0,,70.0,70.0,70.0,1,71.0,70.0
PEDM01,2018-06-09,0,0,nenhum,nenhum,nenhum,nenhum,,0,BECKY,Saturday,1.0,60.0,60.0,,60.0,60.0,60.0,1,7.0,60.0
BAIS01,2018-06-09,0,0,nenhum,nenhum,nenhum,nenhum,,0,nenhum,nenhum,,,,,,,0.0,0,,0.0
FRAL01,2018-06-09,0,0,nenhum,nenhum,nenhum,nenhum,,0,nenhum,nenhum,,,,,,,0.0,0,,0.0
LEVL01,2018-07-18,0,0,nenhum,nenhum,nenhum,nenhum,,0,JJ,Friday,1.0,71.5,92.0,48.590122453025366,0.0,102.0,286.0,4,19.0,102.0
JASA01,2018-07-19,0,0,nenhum,nenhum,nenhum,nenhum,,0,JJ,Saturday,1.3333333333333333,111.0,92.0,108.69529275302894,0.0,260.0,444.0,4,40.0,102.0
CHOT01,2018-06-09,0,0,nenhum,nenhum,nenhum,nenhum,,0,nenhum,nenhum,,,,,,,0.0,0,,0.0
KUZD01,2018-06-09,0,0,nenhum,nenhum,nenhum,nenhum,,0,nenhum,nenhum,,,,,,,0.0,0,,0.0
TINT01,2018-04-05,0,0,nenhum,nenhum,nenhum,nenhum,,0,nenhum,nenhum,,,,,,,0.0,0,,0.0
NEMM01,2018-06-09,0,0,nenhum,nenhum,nenhum,nenhum,,0,nenhum,nenhum,,,,,,,0.0,0,,0.0
OBRK01,2018-06-09,0,0,nenhum,nenhum,nenhum,nenhum,,0,nenhum,nenhum,,,,,,,0.0,0,,0.0
PER*01,2018-06-12,0,0,nenhum,nenhum,nenhum,nenhum,,0,JJ,Thursday,1.6666666666666667,46.25,33.52,22.481163226132228,30.0,82.0,231.25,5,12.0,146.25
LEEP01,2018-07-17,0,0,nenhum,nenhum,nenhum,nenhum,,0,JJ,Tuesday,1.0,53.333333333333336,60.0,11.547005383792515,40.0,60.0,160.0,3,35.0,60.0
NELT01,2018-07-28,0,0,nenhum,nenhum,SBD,SINEAD,2.0,5,SINEAD,Wednesday,1.0,68.83333333333333,50.0,58.58611894752317,30.0,250.0,826.0,12,32.0,52.0
LEL01,2018-06-12,0,0,nenhum,nenhum,nenhum,nenhum,,0,nenhum,nenhum,,,,,,,0.0,0,,0.0
MORB01,2018-06-12,0,0,nenhum,nenhum,nenhum,nenhum,,0,BECKY,Friday,2.0,74.25,77.5,26.31064423384574,40.0,102.0,297.0,4,26.0,187.0
ALCV01,2018-06-12,0,0,nenhum,nenhum,nenhum,nenhum,,0,KELLY,Thursday,1.0,55.0,55.0,,55.0,55.0,55.0,1,5.0,55.0
SCHJ01,2018-07-27,0,0,nenhum,nenhum,CCAMO,JJ,3.0,2,JJ,Thursday,1.7142857142857142,38.75,45.0,24.320305769608915,0.0,60.0,465.0,12,22.0,45.0
CLAM01,2018-07-24,0,0,nenhum,nenhum,nenhum,nenhum,,0,JJ,Tuesday,1.0,114.66666666666667,102.0,40.513372277969324,82.0,160.0,344.0,3,14.0,102.0
LINM02,2018-06-12,0,0,nenhum,nenhum,nenhum,nenhum,,0,JJ,Friday,1.0,82.0,82.0,,82.0,82.0,82.0,1,46.0,82.0
TAYL02,2018-06-12,0,0,nenhum,nenhum,nenhum,nenhum,,0,nenhum,nenhum,,,,,,,0.0,0,,0.0
PIPJ01,2018-07-17,0,0,nenhum,nenhum,nenhum,nenhum,,0,JJ,Tuesday,1.0,53.333333333333336,60.0,11.547005383792515,40.0,60.0,160.0,3,35.0,60.0
MCCK01,2018-06-12,0,0,nenhum,nenhum,nenhum,nenhum,,0,nenhum,nenhum,,,,,,,0.0,0,,0.0
DAJR01,2018-07-06,1,0,nenhum,nenhum,nenhum,nenhum,,0,JJ,Tuesday,2.0,83.5,83.5,12.020815280171307,75.0,92.0,167.0,2,24.0,167.0
KULR01,2018-06-12,0,0,nenhum,nenhum,nenhum,nenhum,,0,BECKY,Friday,1.0,60.0,60.0,,60.0,60.0,60.0,1,67.0,60.0
GIAL01,2018-06-12,0,0,nenhum,nenhum,nenhum,nenhum,,0,nenhum,nenhum,,,,,,,0.0,0,,0.0
WICJ01,2018-07-11,0,0,nenhum,nenhum,nenhum,nenhum,,0,JJ,Wednesday,1.0,40.0,40.0,,40.0,40.0,40.0,1,28.0,40.0
FELH01,2018-06-13,0,0,nenhum,nenhum,nenhum,nenhum,,0,JJ,Tuesday,1.0,82.0,82.0,,82.0,82.0,82.0,1,78.0,82.0
HOLL01,2018-07-19,0,0,nenhum,nenhum,SBD,BECKY,2.0,2,SINEAD,Thursday,1.2727272727272727,70.5,51.0,46.48862557327661,45.0,225.0,987.0,14,22.0,120.0
BELK01,2018-06-27,0,0,nenhum,nenhum,nenhum,nenhum,,0,KELLY,Wednesday,1.0,55.0,55.0,,55.0,55.0,55.0,1,14.0,55.0
NEEL01,2018-07-28,0,0,nenhum,nenhum,nenhum,nenhum,,0,JJ,Wednesday,2.0,79.33333333333333,81.0,24.121912583098933,40.0,102.0,476.0,6,3.0,172.0
LIND01,2018-07-20,0,0,nenhum,nenhum,nenhum,nenhum,,0,JOANNE,Friday,2.0,116.75,83.5,90.49263321766401,50.0,250.0,467.0,4,14.0,300.0
ELSM01,2018-07-18,0,0,nenhum,nenhum,nenhum,nenhum,,0,BECKY,Thursday,1.25,40.69,50.0,15.70845313835834,18.45,55.0,203.45,5,20.0,50.0
SHIG01,2018-06-13,0,0,nenhum,nenhum,nenhum,nenhum,,0,BECKY,Thursday,1.5,64.0,92.0,55.569775957799216,0.0,100.0,192.0,3,54.0,0.0
MINA01,2018-06-13,0,0,nenhum,nenhum,nenhum,nenhum,,0,JJ,Tuesday,1.0,82.0,82.0,,82.0,82.0,82.0,1,78.0,82.0
WARN01,2018-06-13,0,0,nenhum,nenhum,nenhum,nenhum,,0,BECKY,Friday,1.0,30.0,30.0,,30.0,30.0,30.0,1,33.0,30.0
MAKP01,2018-06-13,0,0,nenhum,nenhum,nenhum,nenhum,,0,nenhum,nenhum,,,,,,,0.0,0,,0.0
COLJ02,2018-06-13,0,0,nenhum,nenhum,nenhum,nenhum,,0,nenhum,nenhum,,,,,,,0.0,0,,0.0
SHAA01,2018-07-14,0,0,nenhum,nenhum,nenhum,nenhum,,0,SINEAD,Thursday,1.0,46.666666666666664,50.0,10.408329997330663,35.0,55.0,140.0,3,30.0,50.0
WALK_IN,2018-07-26,0,0,nenhum,nenhum,nenhum,nenhum,,0,JJ,Saturday,1.5,31.876388888888894,31.14,15.90332187271897,0.0,56.0,1147.5500000000002,36,2.0,30.73
FLAD01,2018-08-25,0,0,nenhum,nenhum,nenhum,nenhum,,0,BECKY,Thursday,1.0,45.0,50.0,8.660254037844387,35.0,50.0,135.0,3,44.0,50.0
KUKK01,2018-07-31,0,1,SINEAD,CON,SBD,BECKY,18.375,8,BECKY,Thursday,1.1,94.72727272727273,50.0,82.49738287859913,42.0,250.0,1042.0,11,7.0,50.0
MACM01,2018-06-14,0,0,nenhum,nenhum,nenhum,nenhum,,0,nenhum,nenhum,,,,,,,0.0,0,,0.0
MCNR01,2018-06-14,0,0,nenhum,nenhum,nenhum,nenhum,,0,nenhum,nenhum,,,,,,,0.0,0,,0.0
MCND01,2018-06-14,0,0,nenhum,nenhum,nenhum,nenhum,,0,SINEAD,Saturday,1.0,35.0,35.0,,35.0,35.0,35.0,1,54.0,35.0
NOWT01,2018-06-14,0,0,nenhum,nenhum,nenhum,nenhum,,0,JJ,Friday,1.0,82.0,82.0,,82.0,82.0,82.0,1,34.0,82.0
HILJ01,2018-07-26,0,0,nenhum,nenhum,CFC,JOANNE,0.6666666666666666,3,BECKY,Tuesday,1.25,76.66666666666667,50.0,66.61903060008632,50.0,250.0,1150.0,15,9.0,100.0
WONM02,2018-07-29,1,0,nenhum,nenhum,nenhum,nenhum,,0,JJ,Saturday,1.0714285714285714,81.6,52.0,73.8190838662818,32.0,260.0,1224.0,15,8.0,52.0
?A01,2018-07-21,0,0,nenhum,nenhum,nenhum,nenhum,,0,KELLY,Saturday,1.0,48.333333333333336,55.0,11.547005383792515,35.0,55.0,145.0,3,14.0,55.0
DES01,2018-07-21,1,0,nenhum,nenhum,nenhum,nenhum,,0,BECKY,Thursday,1.0,60.0,60.0,,60.0,60.0,60.0,1,37.0,60.0
TSAR01,2018-06-14,0,0,nenhum,nenhum,nenhum,nenhum,,0,JJ,Thursday,1.0,40.0,40.0,,40.0,40.0,40.0,1,42.0,40.0
MARA01,2018-06-14,0,0,nenhum,nenhum,nenhum,nenhum,,0,SINEAD,Wednesday,1.0,70.0,70.0,,70.0,70.0,70.0,1,43.0,70.0
HACL01,2018-06-14,0,0,nenhum,nenhum,nenhum,nenhum,,0,nenhum,nenhum,,,,,,,0.0,0,,0.0
SUPR01,2018-04-05,0,0,nenhum,nenhum,nenhum,nenhum,,0,nenhum,nenhum,,,,,,,0.0,0,,0.0
STAD01,2018-06-14,0,0,nenhum,nenhum,nenhum,nenhum,,0,nenhum,nenhum,,,,,,,0.0,0,,0.0
BOOR01,2018-06-14,0,0,nenhum,nenhum,nenhum,nenhum,,0,nenhum,nenhum,,,,,,,0.0,0,,0.0
CAYK01,2018-07-26,0,0,nenhum,nenhum,nenhum,nenhum,,0,JOANNE,Saturday,3.0,50.38666666666667,52.0,20.368471346667132,20.0,70.0,453.48,9,42.0,172.73
TOMV01,2018-06-14,0,0,nenhum,nenhum,nenhum,nenhum,,0,nenhum,nenhum,,,,,,,0.0,0,,0.0
FAUA01,2018-06-14,0,0,nenhum,nenhum,nenhum,nenhum,,0,nenhum,nenhum,,,,,,,0.0,0,,0.0
KUMA01,2018-06-14,0,0,nenhum,nenhum,nenhum,nenhum,,0,nenhum,nenhum,,,,,,,0.0,0,,0.0
BRAN01,2018-07-26,0,0,nenhum,nenhum,nenhum,nenhum,,0,BECKY,Thursday,1.0,42.5,42.5,8.660254037844387,35.0,50.0,170.0,4,21.0,50.0
DANJ03,2018-06-15,0,0,nenhum,nenhum,nenhum,nenhum,,0,JJ,Wednesday,1.0,82.0,82.0,,82.0,82.0,82.0,1,9.0,82.0
BREM01,2018-05-30,0,0,nenhum,nenhum,nenhum,nenhum,,0,SINEAD,Thursday,1.0,45.0,45.0,14.142135623730951,35.0,55.0,90.0,2,27.0,55.0
COLJ01,2018-07-25,0,0,nenhum,nenhum,nenhum,nenhum,,0,JJ,Friday,1.0,53.333333333333336,60.0,11.547005383792515,40.0,60.0,160.0,3,40.0,60.0
KLEA01,2018-07-20,0,0,nenhum,nenhum,nenhum,nenhum,,0,BECKY,Friday,1.2,43.13333333333333,50.0,10.644560426183256,28.8,50.0,258.8,6,21.0,50.0
COLG01,2018-07-26,0,0,nenhum,nenhum,nenhum,nenhum,,0,BECKY,Friday,1.2857142857142858,62.388888888888886,50.0,24.12989088220102,50.0,140.0,1123.0,18,7.0,50.0
TINA02,2018-07-03,0,0,nenhum,nenhum,nenhum,nenhum,,0,JJ,Friday,1.0,82.0,82.0,,82.0,82.0,82.0,1,18.0,82.0
THOD01,2018-07-26,0,0,nenhum,nenhum,SHCM,JJ,0.0,1,JJ,Friday,1.2,53.56666666666666,60.0,9.976305261301235,40.0,60.0,321.4,6,20.0,60.0
CRAY01,2018-06-15,0,0,nenhum,nenhum,nenhum,nenhum,,0,nenhum,nenhum,,,,,,,0.0,0,,0.0
SIRM01,2018-07-26,0,0,nenhum,nenhum,SBD,BECKY,7.0,1,BECKY,Friday,1.0,84.16666666666667,50.0,78.21396449755147,30.0,250.0,1010.0,12,13.0,50.0
CHEW01,2018-06-15,0,0,nenhum,nenhum,nenhum,nenhum,,0,JJ,Friday,1.0,92.0,92.0,14.142135623730951,82.0,102.0,184.0,2,49.0,102.0
SPIJ01,2018-07-29,0,0,nenhum,nenhum,nenhum,nenhum,,0,BECKY,Friday,1.0,40.0,40.0,14.142135623730951,30.0,50.0,80.0,2,44.0,50.0
ROBT01,2018-07-20,0,0,nenhum,nenhum,nenhum,nenhum,,0,JOANNE,Friday,1.0,105.0,105.0,49.49747468305833,70.0,140.0,210.0,2,35.0,70.0
WIL*01,2018-07-19,0,0,nenhum,nenhum,SHCW,JJ,2.0,1,JJ,Friday,1.6666666666666667,75.2,70.0,21.194338866782324,52.0,102.0,376.0,5,27.0,172.0
REIL01,2018-06-15,0,0,nenhum,nenhum,nenhum,nenhum,,0,JJ,Friday,1.0,61.0,61.0,12.727922061357855,52.0,70.0,122.0,2,7.0,52.0
HUDS01,2018-06-17,0,0,nenhum,nenhum,nenhum,nenhum,,0,JJ,Sunday,1.3333333333333333,69.6,70.7,16.378034070058593,52.0,85.0,278.4,4,2.0,85.0
TINA01,2018-06-15,0,0,nenhum,nenhum,nenhum,nenhum,,0,JJ,Friday,2.0,55.4,55.4,37.618080759124325,28.8,82.0,110.8,2,49.0,110.8
YANC01,2018-07-17,0,0,nenhum,nenhum,nenhum,nenhum,,0,JOANNE,Friday,1.0,50.0,50.0,,50.0,50.0,50.0,1,32.0,50.0
WARG01,2018-07-10,0,0,nenhum,nenhum,nenhum,nenhum,,0,JJ,Friday,1.0,72.0,67.0,24.49489742783178,52.0,102.0,288.0,4,25.0,52.0
SCHC01,2018-07-27,0,0,nenhum,nenhum,CALC,JOANNE,3.0,1,JOANNE,Friday,1.75,90.60428571428572,100.0,41.77149500841567,30.73,140.0,634.23,7,6.0,102.0
MACV01,2018-06-15,0,0,nenhum,nenhum,nenhum,nenhum,,0,nenhum,nenhum,,,,,,,0.0,0,,0.0
VERR01,2018-06-15,0,0,nenhum,nenhum,nenhum,nenhum,,0,nenhum,nenhum,,,,,,,0.0,0,,0.0
CARK01,2018-07-24,0,0,nenhum,nenhum,SBD,KELLY,0.5,2,KELLY,Friday,1.5,40.0,37.5,7.745966692414834,35.0,55.0,240.0,6,18.0,35.0
TAGS02,2018-06-15,0,0,nenhum,nenhum,CFC,KELLY,0.0,2,nenhum,nenhum,,,,,,,0.0,0,,0.0
OSES01,2018-06-15,0,0,nenhum,nenhum,nenhum,nenhum,,0,nenhum,nenhum,,,,,,,0.0,0,,0.0
ALIA01,2018-07-29,0,0,nenhum,nenhum,nenhum,nenhum,,0,BECKY,Friday,1.0,40.0,40.0,14.142135623730951,30.0,50.0,80.0,2,44.0,50.0
MASR01,2018-06-16,0,0,nenhum,nenhum,nenhum,nenhum,,0,nenhum,nenhum,,,,,,,0.0,0,,0.0
MARG01,2018-07-21,0,0,nenhum,nenhum,nenhum,nenhum,,0,JJ,Saturday,1.0,53.333333333333336,60.0,11.547005383792515,40.0,60.0,160.0,3,35.0,60.0
TUMM01,2018-08-04,0,0,nenhum,nenhum,nenhum,nenhum,,0,JOANNE,Saturday,2.5,67.82000000000001,62.1,14.557197532492303,55.0,92.0,339.1,5,49.0,125.0
MAXI01,2018-07-20,0,0,nenhum,nenhum,nenhum,nenhum,,0,KELLY,Saturday,1.0,35.0,35.0,,35.0,35.0,35.0,1,34.0,35.0
SCHH01,2018-06-16,0,0,nenhum,nenhum,nenhum,nenhum,,0,JJ,Wednesday,1.6666666666666667,62.4,50.0,48.567478831003775,0.0,120.0,312.0,5,31.0,102.0
GARJ01,2018-06-16,0,0,nenhum,nenhum,nenhum,nenhum,,0,JJ,Wednesday,1.0,82.0,82.0,,82.0,82.0,82.0,1,66.0,82.0
DEUD01,2018-06-16,0,0,nenhum,nenhum,nenhum,nenhum,,0,nenhum,nenhum,,,,,,,0.0,0,,0.0
RICS01,2018-06-16,0,0,nenhum,nenhum,nenhum,nenhum,,0,nenhum,nenhum,,,,,,,0.0,0,,0.0
PHIJ01,2018-07-18,0,0,nenhum,nenhum,nenhum,nenhum,,0,SINEAD,Saturday,1.3333333333333333,55.1825,60.0,18.831707968211486,30.73,70.0,220.73,4,32.0,70.0
LYNG01,2018-07-26,0,0,nenhum,nenhum,nenhum,nenhum,,0,JJ,Thursday,1.0,55.0,60.0,10.0,40.0,60.0,220.0,4,29.0,60.0
ROPR01,2018-06-16,0,0,nenhum,nenhum,nenhum,nenhum,,0,nenhum,nenhum,,,,,,,0.0,0,,0.0
SASA01,2018-06-16,0,0,nenhum,nenhum,nenhum,nenhum,,0,nenhum,nenhum,,,,,,,0.0,0,,0.0
MARM01,2018-07-28,0,0,nenhum,nenhum,nenhum,nenhum,,0,JOANNE,Saturday,2.5,84.0,65.0,96.36129928555343,0.0,249.0,420.0,5,42.0,70.0
BOTN01,2018-07-28,0,0,nenhum,nenhum,nenhum,nenhum,,0,BECKY,Saturday,1.0,42.5,42.5,10.606601717798213,35.0,50.0,85.0,2,41.0,50.0
STOD01,2018-07-07,0,0,nenhum,nenhum,nenhum,nenhum,,0,BECKY,Saturday,1.0,45.0,50.0,13.228756555322953,30.0,55.0,135.0,3,20.0,50.0
BREH01,2018-07-07,0,0,nenhum,nenhum,nenhum,nenhum,,0,JJ,Sunday,1.3333333333333333,77.35,92.0,37.18185041118852,23.4,102.0,309.4,4,20.0,125.4
HUDM01,2018-07-24,1,0,nenhum,nenhum,SBD,JJ,2.6666666666666665,3,JJ,Saturday,1.4545454545454546,53.425,52.0,35.93238632023577,0.0,160.0,854.8,16,17.0,199.8
BUZI01,2018-04-06,0,0,nenhum,nenhum,nenhum,nenhum,,0,nenhum,nenhum,,,,,,,0.0,0,,0.0
WOOJ01,2018-07-25,0,0,nenhum,nenhum,CTU,JJ,8.0,2,JJ,Saturday,1.3636363636363635,62.0,52.0,25.467065566559263,32.0,140.0,930.0,15,15.0,122.0
STEK02,2018-06-19,0,0,nenhum,nenhum,nenhum,nenhum,,0,nenhum,nenhum,,,,,,,0.0,0,,0.0
NIZS01,2018-06-19,0,0,nenhum,nenhum,nenhum,nenhum,,0,nenhum,nenhum,,,,,,,0.0,0,,0.0
MOOH01,2018-07-20,0,0,nenhum,nenhum,nenhum,nenhum,,0,JJ,Tuesday,1.5,35.43333333333333,24.3,42.118444099151304,0.0,82.0,106.3,3,31.0,24.3
RICP01,2018-07-10,0,0,nenhum,nenhum,nenhum,nenhum,,0,SINEAD,Tuesday,1.0,73.75,75.0,14.930394055974098,55.0,90.0,295.0,4,14.0,55.0
SARA01,2018-07-21,0,0,nenhum,nenhum,nenhum,nenhum,,0,JJ,Wednesday,1.0,53.333333333333336,60.0,11.547005383792515,40.0,60.0,160.0,3,32.0,60.0
TAYL01,2018-06-19,0,0,nenhum,nenhum,nenhum,nenhum,,0,JOANNE,Tuesday,1.0,160.0,160.0,,160.0,160.0,160.0,1,42.0,160.0
HOAS01,2018-06-19,0,0,nenhum,nenhum,nenhum,nenhum,,0,nenhum,nenhum,,,,,,,0.0,0,,0.0
HOUN01,2018-06-19,0,0,nenhum,nenhum,nenhum,nenhum,,0,nenhum,nenhum,,,,,,,0.0,0,,0.0
TRES01,2018-06-19,0,0,nenhum,nenhum,nenhum,nenhum,,0,nenhum,nenhum,,,,,,,0.0,0,,0.0
CHIC01,2018-06-19,0,0,nenhum,nenhum,nenhum,nenhum,,0,nenhum,nenhum,,,,,,,0.0,0,,0.0
DHAN01,2018-06-19,0,0,nenhum,nenhum,nenhum,nenhum,,0,nenhum,nenhum,,,,,,,0.0,0,,0.0
MELE01,2018-07-24,0,0,nenhum,nenhum,nenhum,nenhum,,0,BECKY,Tuesday,2.0,33.125,31.0,12.317839366815377,20.5,50.0,132.5,4,35.0,102.5
MACS01,2018-06-19,0,0,nenhum,nenhum,nenhum,nenhum,,0,nenhum,nenhum,,,,,,,0.0,0,,0.0
HOFJ01,2018-07-11,1,0,nenhum,nenhum,nenhum,nenhum,,0,KELLY,Tuesday,1.0,55.0,55.0,,55.0,55.0,55.0,1,22.0,55.0
BROS02,2018-07-24,0,0,nenhum,nenhum,nenhum,nenhum,,0,BECKY,Friday,1.0,40.0,40.0,14.142135623730951,30.0,50.0,80.0,2,35.0,50.0
JOHM01,2018-06-19,0,0,nenhum,nenhum,nenhum,nenhum,,0,nenhum,nenhum,,,,,,,0.0,0,,0.0
MOSR01,2018-06-19,0,0,nenhum,nenhum,nenhum,nenhum,,0,nenhum,nenhum,,,,,,,0.0,0,,0.0
CHIT01,2018-06-20,0,0,nenhum,nenhum,nenhum,nenhum,,0,nenhum,nenhum,,,,,,,0.0,0,,0.0
WITC01,2018-06-20,0,0,nenhum,nenhum,nenhum,nenhum,,0,nenhum,nenhum,,,,,,,0.0,0,,0.0
SINM01,2018-07-12,0,0,nenhum,nenhum,nenhum,nenhum,,0,JJ,Friday,1.5,121.06666666666666,82.0,67.66545154902413,82.0,199.2,363.2,3,6.0,82.0
WAGM01,2018-06-20,0,0,nenhum,nenhum,nenhum,nenhum,,0,nenhum,nenhum,,,,,,,0.0,0,,0.0
SLUS01,2018-07-18,0,0,nenhum,nenhum,nenhum,nenhum,,0,JJ,Wednesday,1.25,50.64,53.2,10.101881012959913,40.0,60.0,253.2,5,28.0,60.0
POTR01,2018-07-18,0,0,nenhum,nenhum,SHCM,JJ,24.5,2,JJ,Wednesday,1.0,56.0,60.0,8.94427190999916,40.0,60.0,280.0,5,28.0,60.0
CORS01,2018-06-20,0,0,nenhum,nenhum,nenhum,nenhum,,0,JJ,Saturday,1.0,92.0,92.0,14.142135623730951,82.0,102.0,184.0,2,60.0,102.0
VERM01,2018-06-20,0,0,nenhum,nenhum,nenhum,nenhum,,0,JJ,Thursday,1.0,82.0,82.0,,82.0,82.0,82.0,1,76.0,82.0
MACD01,2018-06-20,0,0,nenhum,nenhum,nenhum,nenhum,,0,nenhum,nenhum,,,,,,,0.0,0,,0.0
TRIL01,2018-06-20,0,0,nenhum,nenhum,nenhum,nenhum,,0,nenhum,nenhum,,,,,,,0.0,0,,0.0
WAL*01,2018-06-20,0,0,nenhum,nenhum,nenhum,nenhum,,0,nenhum,nenhum,,,,,,,0.0,0,,0.0
BORJ01,2018-07-24,0,0,nenhum,nenhum,SHCM,JJ,0.0,1,JJ,Tuesday,1.0,50.0,50.0,14.142135623730951,40.0,60.0,100.0,2,34.0,60.0
DONN01,2018-06-21,0,0,nenhum,nenhum,nenhum,nenhum,,0,nenhum,nenhum,,,,,,,0.0,0,,0.0
RIHM01,2018-07-29,1,0,nenhum,nenhum,nenhum,nenhum,,0,BECKY,Thursday,1.0,40.0,40.0,14.142135623730951,30.0,50.0,80.0,2,12.0,50.0
MANL01,2018-07-18,0,1,SINEAD,CON,nenhum,nenhum,,0,SINEAD,Thursday,1.0,80.0,80.0,10.0,70.0,90.0,240.0,3,27.0,80.0
HILE01,2018-06-21,0,0,nenhum,nenhum,nenhum,nenhum,,0,JJ,Wednesday,1.0,82.0,82.0,,82.0,82.0,82.0,1,57.0,82.0
GHOP01,2018-06-21,0,0,nenhum,nenhum,nenhum,nenhum,,0,BECKY,Friday,2.0,100.0,100.0,42.42640687119285,70.0,130.0,200.0,2,48.0,200.0
RUBA01,2018-06-28,0,0,nenhum,nenhum,nenhum,nenhum,,0,JJ,Thursday,1.0,82.0,82.0,,82.0,82.0,82.0,1,7.0,82.0
KOZC01,2018-06-21,0,0,nenhum,nenhum,nenhum,nenhum,,0,nenhum,nenhum,,,,,,,0.0,0,,0.0
BROS01,2018-07-31,0,0,nenhum,nenhum,SBD,BECKY,4.75,4,BECKY,Tuesday,1.0,82.5,50.0,73.74711088331776,50.0,250.0,990.0,12,3.0,50.0
BURL01,2018-06-21,0,0,nenhum,nenhum,nenhum,nenhum,,0,JOANNE,Thursday,2.0,105.0,105.0,91.92388155425118,40.0,170.0,210.0,2,35.0,210.0
AINM01,2018-06-21,0,0,nenhum,nenhum,nenhum,nenhum,,0,HOUSE,Thursday,1.0,230.0,230.0,,230.0,230.0,230.0,1,42.0,230.0
WYRC01,2018-06-21,0,0,nenhum,nenhum,nenhum,nenhum,,0,JJ,Friday,1.0,67.0,67.0,49.49747468305833,32.0,102.0,134.0,2,27.0,102.0
JM01,2018-06-21,0,0,nenhum,nenhum,nenhum,nenhum,,0,nenhum,nenhum,,,,,,,0.0,0,,0.0
BHAT01,2018-06-21,0,0,nenhum,nenhum,nenhum,nenhum,,0,nenhum,nenhum,,,,,,,0.0,0,,0.0
MOLA01,2018-06-21,0,0,nenhum,nenhum,SHCW,JJ,7.0,1,JJ,Thursday,1.5,75.13333333333334,82.0,30.878039661437924,41.4,102.0,225.4,3,28.0,143.4
HENB01,2018-07-17,0,0,nenhum,nenhum,SHCM,JJ,7.0,2,JJ,Thursday,1.0,53.333333333333336,60.0,11.547005383792515,40.0,60.0,160.0,3,26.0,60.0
PLUJ01,2018-05-04,0,0,nenhum,nenhum,nenhum,nenhum,,0,JJ,Friday,2.0,20.0,20.0,28.284271247461902,0.0,40.0,40.0,2,28.0,40.0
BURT01,2018-07-28,0,0,nenhum,nenhum,nenhum,nenhum,,0,JJ,Tuesday,1.5,51.666666666666664,50.0,7.637626158259733,45.0,60.0,155.0,3,37.0,60.0
LEEM01,2018-06-21,0,0,nenhum,nenhum,nenhum,nenhum,,0,JJ,Tuesday,2.0,73.5,73.5,26.16295090390226,55.0,92.0,147.0,2,65.0,147.0
RUTR01,2018-07-20,0,0,nenhum,nenhum,nenhum,nenhum,,0,JJ,Saturday,2.3333333333333335,63.49285714285714,85.0,40.99390634158761,0.0,102.0,444.45,7,29.0,187.0
KATS01,2018-06-22,0,0,nenhum,nenhum,nenhum,nenhum,,0,nenhum,nenhum,,,,,,,0.0,0,,0.0
PANP01,2018-06-22,0,0,nenhum,nenhum,nenhum,nenhum,,0,nenhum,nenhum,,,,,,,0.0,0,,0.0
KOEE01,2018-06-22,0,0,nenhum,nenhum,nenhum,nenhum,,0,nenhum,nenhum,,,,,,,0.0,0,,0.0
MURS01,2018-06-22,0,0,nenhum,nenhum,nenhum,nenhum,,0,BECKY,Friday,1.0,5.0,5.0,,5.0,5.0,5.0,1,42.0,5.0
NGUS01,2018-06-29,0,0,nenhum,nenhum,CTU,JJ,1.0,2,JJ,Friday,1.0,98.0,102.0,6.928203230275509,90.0,102.0,294.0,3,7.0,102.0
ABL*01,2018-07-24,0,0,nenhum,nenhum,SBD,KELLY,0.0,1,BECKY,Friday,2.0,44.1,48.0,9.607635852105691,30.0,50.4,176.4,4,32.0,100.4
CROB01,2018-06-22,0,0,nenhum,nenhum,nenhum,nenhum,,0,nenhum,nenhum,,,,,,,0.0,0,,0.0
DSIC01,2018-06-22,0,0,nenhum,nenhum,nenhum,nenhum,,0,nenhum,nenhum,,,,,,,0.0,0,,0.0
KHUN01,2018-06-22,0,0,nenhum,nenhum,nenhum,nenhum,,0,nenhum,nenhum,,,,,,,0.0,0,,0.0
LIMB01,2018-07-19,0,0,nenhum,nenhum,nenhum,nenhum,,0,BECKY,Friday,1.0,40.0,40.0,14.142135623730951,30.0,50.0,80.0,2,27.0,50.0
BUDG02,2018-07-10,0,0,nenhum,nenhum,SHCM,SINEAD,18.0,1,SINEAD,Thursday,1.25,44.760000000000005,50.0,12.115609765917686,28.8,55.0,223.8,5,18.0,50.0
SCHJ02,2018-07-26,0,0,nenhum,nenhum,nenhum,nenhum,,0,JJ,Thursday,1.0,40.0,40.0,,40.0,40.0,40.0,1,133.0,40.0
INFB01,2018-07-13,0,0,nenhum,nenhum,nenhum,nenhum,,0,KELLY,Friday,1.0,0.0,0.0,0.0,0.0,0.0,0.0,2,21.0,0.0
WOOD02,2018-07-27,0,0,nenhum,nenhum,SBD,BECKY,0.0,2,JJ,Thursday,1.0,57.6,52.0,13.66747965061591,50.0,82.0,288.0,5,14.0,52.0
SPRK01,2018-06-23,0,0,nenhum,nenhum,nenhum,nenhum,,0,BECKY,Wednesday,1.5,104.0,82.0,67.7347768875044,50.0,180.0,312.0,3,24.0,230.0
HUAR01,2018-06-23,0,0,nenhum,nenhum,nenhum,nenhum,,0,nenhum,nenhum,,,,,,,0.0,0,,0.0
ERWS01,2018-06-23,0,1,JJ,CON,CTU,JJ,3.0,2,JJ,Saturday,1.5,108.0,102.0,29.46183972531247,82.0,140.0,324.0,3,49.0,242.0
TIEM01,2018-06-23,0,0,nenhum,nenhum,nenhum,nenhum,,0,nenhum,nenhum,,,,,,,0.0,0,,0.0
FIGM01,2018-06-23,0,0,nenhum,nenhum,nenhum,nenhum,,0,KELLY,Saturday,1.0,45.0,45.0,,45.0,45.0,45.0,1,28.0,45.0
CONJ01,2018-06-23,0,0,nenhum,nenhum,nenhum,nenhum,,0,nenhum,nenhum,,,,,,,0.0,0,,0.0
LEEO01,2018-06-23,0,0,nenhum,nenhum,nenhum,nenhum,,0,JOANNE,Friday,1.0,50.0,50.0,,50.0,50.0,50.0,1,43.0,50.0
THOW02,2018-07-17,0,0,nenhum,nenhum,nenhum,nenhum,,0,JJ,Friday,1.0,50.0,50.0,14.142135623730951,40.0,60.0,100.0,2,42.0,60.0
TAYB01,2018-06-23,0,0,nenhum,nenhum,nenhum,nenhum,,0,nenhum,nenhum,,,,,,,0.0,0,,0.0
SUNS01,2018-07-03,0,0,nenhum,nenhum,SHCW,KELLY,5.0,1,KELLY,Saturday,2.0,55.0,55.0,14.142135623730951,45.0,65.0,110.0,2,10.0,110.0
BENS02,2018-06-23,0,0,nenhum,nenhum,nenhum,nenhum,,0,nenhum,nenhum,,,,,,,0.0,0,,0.0
RUDJ01,2018-06-23,0,0,nenhum,nenhum,nenhum,nenhum,,0,nenhum,nenhum,,,,,,,0.0,0,,0.0
LINJ01,2018-06-26,0,0,nenhum,nenhum,nenhum,nenhum,,0,JJ,Tuesday,2.0,57.22,57.22,35.044212075605294,32.44,82.0,114.44,2,84.0,114.44
YATT01,2018-07-15,0,0,nenhum,nenhum,nenhum,nenhum,,0,BECKY,Tuesday,1.0,46.0,50.0,8.94427190999916,30.0,50.0,230.0,5,19.0,50.0
NIES02,2018-06-26,0,0,nenhum,nenhum,SHCM,JJ,1.0,1,JJ,Thursday,1.0,40.0,40.0,,40.0,40.0,40.0,1,54.0,40.0
BRES01,2018-06-26,0,0,nenhum,nenhum,nenhum,nenhum,,0,JJ,Tuesday,1.0,92.0,92.0,14.142135623730951,82.0,102.0,184.0,2,49.0,102.0
PARJ02,2018-06-26,0,0,nenhum,nenhum,nenhum,nenhum,,0,nenhum,nenhum,,,,,,,0.0,0,,0.0
STEK01,2018-06-26,0,0,nenhum,nenhum,nenhum,nenhum,,0,BECKY,Thursday,1.0,30.0,30.0,,30.0,30.0,30.0,1,26.0,30.0
LEHF01,2018-06-26,0,0,nenhum,nenhum,nenhum,nenhum,,0,nenhum,nenhum,,,,,,,0.0,0,,0.0
ZUKS01,2018-06-26,0,0,nenhum,nenhum,nenhum,nenhum,,0,BECKY,Thursday,1.0,40.0,40.0,14.142135623730951,30.0,50.0,80.0,2,28.0,50.0
MARD01,2018-06-26,0,0,nenhum,nenhum,nenhum,nenhum,,0,BECKY,Tuesday,1.0,60.0,60.0,,60.0,60.0,60.0,1,77.0,60.0
VERD01,2018-07-26,0,0,nenhum,nenhum,nenhum,nenhum,,0,KELLY,Tuesday,1.0,45.0,45.0,14.142135623730951,35.0,55.0,90.0,2,30.0,55.0
FIND01,2018-06-26,0,0,nenhum,nenhum,nenhum,nenhum,,0,nenhum,nenhum,,,,,,,0.0,0,,0.0
TRAJ01,2018-06-26,0,0,nenhum,nenhum,nenhum,nenhum,,0,JJ,Wednesday,1.0,40.0,40.0,,40.0,40.0,40.0,1,76.0,40.0
PENM01,2018-07-20,0,0,nenhum,nenhum,SHCW,BECKY,5.0,4,JOANNE,Friday,1.8,80.22222222222223,50.0,62.333333333333336,50.0,240.0,722.0,9,24.0,100.0
FRAM01,2018-06-26,0,0,nenhum,nenhum,nenhum,nenhum,,0,nenhum,nenhum,,,,,,,0.0,0,,0.0
FER*01,2018-06-26,0,0,nenhum,nenhum,nenhum,nenhum,,0,nenhum,nenhum,,,,,,,0.0,0,,0.0
FANM01,2018-06-26,0,0,nenhum,nenhum,nenhum,nenhum,,0,nenhum,nenhum,,,,,,,0.0,0,,0.0
LEM01,2018-07-06,0,0,nenhum,nenhum,nenhum,nenhum,,0,KELLY,Tuesday,1.0,0.0,0.0,,0.0,0.0,0.0,1,10.0,0.0
ZHAV01,2018-06-26,0,0,nenhum,nenhum,nenhum,nenhum,,0,nenhum,nenhum,,,,,,,0.0,0,,0.0
BERI01,2018-06-27,0,0,nenhum,nenhum,nenhum,nenhum,,0,JJ,Saturday,1.3333333333333333,52.6,55.2,9.54148835350125,40.0,60.0,210.4,4,32.0,110.4
STEH01,2018-06-27,0,0,nenhum,nenhum,nenhum,nenhum,,0,JJ,Friday,1.0,40.0,40.0,,40.0,40.0,40.0,1,103.0,40.0
LEWH02,2018-06-27,0,0,nenhum,nenhum,nenhum,nenhum,,0,nenhum,nenhum,,,,,,,0.0,0,,0.0
GREB01,2018-06-27,0,0,nenhum,nenhum,nenhum,nenhum,,0,nenhum,nenhum,,,,,,,0.0,0,,0.0
WOOD01,2018-06-27,0,0,nenhum,nenhum,nenhum,nenhum,,0,JJ,Friday,2.0,79.75,81.0,21.234798484249072,55.0,102.0,319.0,4,40.0,172.0
MESN01,2018-06-27,0,0,nenhum,nenhum,nenhum,nenhum,,0,BECKY,Thursday,1.0,60.0,60.0,,60.0,60.0,60.0,1,55.0,60.0
HOWC01,2018-06-27,0,0,nenhum,nenhum,nenhum,nenhum,,0,JJ,Tuesday,1.0,40.0,40.0,,40.0,40.0,40.0,1,50.0,40.0
PARS01,2018-06-27,0,0,nenhum,nenhum,nenhum,nenhum,,0,nenhum,nenhum,,,,,,,0.0,0,,0.0
COXH01,2018-06-27,0,0,nenhum,nenhum,nenhum,nenhum,,0,KELLY,Wednesday,3.0,37.833333333333336,31.05,14.975340841975294,27.45,55.0,113.5,3,35.0,113.5
MCCB01,2018-06-27,0,0,nenhum,nenhum,nenhum,nenhum,,0,BECKY,Thursday,1.0,40.0,40.0,14.142135623730951,30.0,50.0,80.0,2,34.0,50.0
YANM01,2018-06-27,0,0,nenhum,nenhum,nenhum,nenhum,,0,nenhum,nenhum,,,,,,,0.0,0,,0.0
SHAS01,2018-06-27,0,0,nenhum,nenhum,nenhum,nenhum,,0,JJ,Wednesday,1.0,40.0,40.0,,40.0,40.0,40.0,1,49.0,40.0
WAX*01,2018-07-28,1,0,nenhum,nenhum,nenhum,nenhum,,0,JJ,Friday,1.0,40.0,40.0,,40.0,40.0,40.0,1,113.0,40.0
DUFD01,2018-07-27,0,4,JJ,CON,CON,JJ,4.0,1,JJ,Friday,1.0,60.0,60.0,0.0,60.0,60.0,180.0,3,29.0,60.0
BOTS01,2018-06-28,0,0,nenhum,nenhum,nenhum,nenhum,,0,nenhum,nenhum,,,,,,,0.0,0,,0.0
BOTC01,2018-06-28,0,0,nenhum,nenhum,nenhum,nenhum,,0,nenhum,nenhum,,,,,,,0.0,0,,0.0
BOTK01,2018-06-28,0,0,nenhum,nenhum,nenhum,nenhum,,0,nenhum,nenhum,,,,,,,0.0,0,,0.0
BENC01,2018-07-25,0,0,nenhum,nenhum,nenhum,nenhum,,0,JOANNE,Thursday,1.0,67.5,67.5,3.5355339059327378,65.0,70.0,135.0,2,27.0,70.0
SIDA01,2018-07-19,0,0,nenhum,nenhum,nenhum,nenhum,,0,BECKY,Thursday,1.0,60.0,60.0,0.0,60.0,60.0,240.0,4,21.0,60.0
YEHC01,2018-06-28,0,0,nenhum,nenhum,nenhum,nenhum,,0,nenhum,nenhum,,,,,,,0.0,0,,0.0
NORE01,2018-04-06,0,0,nenhum,nenhum,nenhum,nenhum,,0,nenhum,nenhum,,,,,,,0.0,0,,0.0
HOG*01,2018-06-28,0,0,nenhum,nenhum,nenhum,nenhum,,0,SINEAD,Tuesday,1.0,35.0,35.0,,35.0,35.0,35.0,1,72.0,35.0
SILG01,2018-06-28,0,0,nenhum,nenhum,nenhum,nenhum,,0,nenhum,nenhum,,,,,,,0.0,0,,0.0
BATP01,2018-06-28,0,0,nenhum,nenhum,nenhum,nenhum,,0,JJ,Tuesday,1.0,40.0,40.0,,40.0,40.0,40.0,1,51.0,40.0
WASS01,2018-06-28,0,0,nenhum,nenhum,nenhum,nenhum,,0,nenhum,nenhum,,,,,,,0.0,0,,0.0
MAKM01,2018-07-26,0,0,nenhum,nenhum,nenhum,nenhum,,0,SINEAD,Thursday,1.3333333333333333,43.0,42.5,11.224972160321824,32.0,55.0,172.0,4,28.0,50.0
BURD01,2018-06-28,0,0,nenhum,nenhum,nenhum,nenhum,,0,nenhum,nenhum,,,,,,,0.0,0,,0.0
ADAP01,2018-06-28,0,0,nenhum,nenhum,nenhum,nenhum,,0,nenhum,nenhum,,,,,,,0.0,0,,0.0
DOWR01,2018-07-25,0,0,nenhum,nenhum,SBD,SINEAD,1.0,1,BECKY,Thursday,1.0,52.8,52.0,4.147288270665544,50.0,60.0,264.0,5,13.0,50.0
WALT01,2018-06-28,0,0,nenhum,nenhum,nenhum,nenhum,,0,nenhum,nenhum,,,,,,,0.0,0,,0.0
COLR02,2018-06-29,0,0,nenhum,nenhum,nenhum,nenhum,,0,BECKY,Friday,1.0,30.0,30.0,,30.0,30.0,30.0,1,56.0,30.0
COLR01,2018-06-29,0,0,nenhum,nenhum,nenhum,nenhum,,0,BECKY,Thursday,1.0,30.0,30.0,,30.0,30.0,30.0,1,64.0,30.0
HELJ01,2018-07-14,0,0,nenhum,nenhum,SHCM,BECKY,2.0,1,BECKY,Friday,1.0,40.0,40.0,14.142135623730951,30.0,50.0,80.0,2,53.0,50.0
MCMC01,2018-06-29,0,0,nenhum,nenhum,nenhum,nenhum,,0,nenhum,nenhum,,,,,,,0.0,0,,0.0
GREL01,2018-06-29,0,0,nenhum,nenhum,nenhum,nenhum,,0,nenhum,nenhum,,,,,,,0.0,0,,0.0
SAVP01,2018-06-29,0,0,nenhum,nenhum,nenhum,nenhum,,0,JJ,Saturday,2.0,103.25,103.25,30.05203820042827,82.0,124.5,206.5,2,76.0,206.5
FLEL01,2018-06-29,0,0,nenhum,nenhum,nenhum,nenhum,,0,SINEAD,Wednesday,1.0,35.0,35.0,,35.0,35.0,35.0,1,51.0,35.0
OHAG01,2018-06-29,0,0,nenhum,nenhum,nenhum,nenhum,,0,JJ,Friday,2.0,43.125,41.0,12.317839366815377,30.5,60.0,172.5,4,42.0,90.5
OHA*01,2018-06-29,0,0,nenhum,nenhum,nenhum,nenhum,,0,nenhum,nenhum,,,,,,,0.0,0,,0.0
HAMN01,2018-06-29,0,0,nenhum,nenhum,nenhum,nenhum,,0,BECKY,Thursday,2.0,57.5,57.5,24.748737341529164,40.0,75.0,115.0,2,29.0,115.0
LEHJ01,2018-07-03,0,0,nenhum,nenhum,nenhum,nenhum,,0,JJ,Tuesday,1.0,46.666666666666664,50.0,5.773502691896258,40.0,50.0,140.0,3,28.0,50.0
MCLI01,2018-07-25,0,0,nenhum,nenhum,nenhum,nenhum,,0,JJ,Friday,1.0,50.0,50.0,14.142135623730951,40.0,60.0,100.0,2,54.0,60.0
KALA01,2018-06-29,0,0,nenhum,nenhum,nenhum,nenhum,,0,JJ,Thursday,2.0,121.0,121.0,41.012193308819754,92.0,150.0,242.0,2,50.0,242.0
OGDJ01,2018-06-29,0,0,nenhum,nenhum,nenhum,nenhum,,0,nenhum,nenhum,,,,,,,0.0,0,,0.0
APTM01,2018-07-29,0,0,nenhum,nenhum,SHCM,JJ,1.0,1,JJ,Friday,2.0,35.775,33.9,6.902949680079833,28.8,44.8,286.2,8,30.0,96.6
WANM01,2018-07-06,0,0,nenhum,nenhum,nenhum,nenhum,,0,BECKY,Friday,2.0,56.1375,55.2,19.15469372416763,34.15,80.0,224.55,4,7.0,130.4
MCWC01,2018-06-29,0,0,nenhum,nenhum,nenhum,nenhum,,0,nenhum,nenhum,,,,,,,0.0,0,,0.0
CASN01,2018-06-30,0,0,nenhum,nenhum,nenhum,nenhum,,0,nenhum,nenhum,,,,,,,0.0,0,,0.0
DELC01,2018-06-30,0,0,nenhum,nenhum,nenhum,nenhum,,0,BECKY,Friday,1.0,40.0,40.0,14.142135623730951,30.0,50.0,80.0,2,43.0,50.0
HAMA01,2018-06-30,0,0,nenhum,nenhum,nenhum,nenhum,,0,nenhum,nenhum,,,,,,,0.0,0,,0.0
IRWE01,2018-07-28,0,0,nenhum,nenhum,CON,JOANNE,28.0,1,SINEAD,Saturday,2.25,52.22222222222222,55.0,21.666666666666664,0.0,70.0,470.0,9,28.0,120.0
GALG01,2018-06-09,0,0,nenhum,nenhum,nenhum,nenhum,,0,JJ,Saturday,1.0,82.0,82.0,,82.0,82.0,82.0,1,63.0,82.0
LEHN01,2018-06-30,0,0,nenhum,nenhum,nenhum,nenhum,,0,nenhum,nenhum,,,,,,,0.0,0,,0.0
EZIR01,2018-07-07,0,0,nenhum,nenhum,nenhum,nenhum,,0,JJ,Saturday,1.5,78.13333333333334,82.0,26.016405080897194,50.4,102.0,234.4,3,7.0,102.0
GOSD01,2018-07-06,0,0,nenhum,nenhum,SHCW,JJ,20.0,1,JJ,Friday,1.0,105.2,102.0,24.066574330386118,82.0,130.0,526.0,5,6.0,130.0
SKUD01,2018-07-27,0,0,nenhum,nenhum,SBD,BECKY,4.0,3,BECKY,Friday,1.0,93.33333333333333,50.0,78.10249675906655,50.0,230.0,840.0,9,7.0,80.0
TRAS02,2018-06-30,0,0,nenhum,nenhum,nenhum,nenhum,,0,nenhum,nenhum,,,,,,,0.0,0,,0.0
FISV01,2018-06-30,0,0,nenhum,nenhum,nenhum,nenhum,,0,BECKY,Saturday,1.0,60.0,60.0,,60.0,60.0,60.0,1,56.0,60.0
SENM01,2018-07-20,0,0,nenhum,nenhum,nenhum,nenhum,,0,BECKY,Saturday,1.0,70.0,70.0,14.142135623730951,60.0,80.0,140.0,2,47.0,80.0
LAS01,2018-06-30,0,0,nenhum,nenhum,nenhum,nenhum,,0,nenhum,nenhum,,,,,,,0.0,0,,0.0
DEYS01,2018-07-03,1,0,nenhum,nenhum,nenhum,nenhum,,0,BECKY,Saturday,1.0,60.0,60.0,,60.0,60.0,60.0,1,3.0,60.0
WELN01,2018-07-10,1,0,nenhum,nenhum,nenhum,nenhum,,0,JJ,Saturday,1.0,30.0,30.0,,30.0,30.0,30.0,1,10.0,30.0
TAMA01,2018-06-30,0,1,KELLY,CON,nenhum,nenhum,,0,nenhum,nenhum,,,,,,,0.0,0,,0.0
KRAV01,2018-06-30,0,0,nenhum,nenhum,nenhum,nenhum,,0,KELLY,Saturday,3.0,60.0,75.0,30.4138126514911,25.0,80.0,180.0,3,35.0,180.0
KIMH01,2018-07-03,0,0,nenhum,nenhum,nenhum,nenhum,,0,nenhum,nenhum,,,,,,,0.0,0,,0.0
NORJ01,2018-07-03,0,1,JJ,SHCM,nenhum,nenhum,,0,nenhum,nenhum,,,,,,,0.0,0,,0.0
OWED01,2018-07-03,0,0,nenhum,nenhum,nenhum,nenhum,,0,SINEAD,Tuesday,1.0,45.0,45.0,14.142135623730951,35.0,55.0,90.0,2,35.0,55.0
TASJ01,2018-07-03,0,0,nenhum,nenhum,nenhum,nenhum,,0,nenhum,nenhum,,,,,,,0.0,0,,0.0
DOLD01,2018-05-23,0,0,nenhum,nenhum,nenhum,nenhum,,0,JJ,Saturday,1.0,82.0,82.0,,82.0,82.0,82.0,1,46.0,82.0
KREJ01,2018-07-03,0,0,nenhum,nenhum,nenhum,nenhum,,0,nenhum,nenhum,,,,,,,0.0,0,,0.0
DHAS02,2018-07-03,0,0,nenhum,nenhum,nenhum,nenhum,,0,nenhum,nenhum,,,,,,,0.0,0,,0.0
NICP01,2018-07-03,0,0,nenhum,nenhum,nenhum,nenhum,,0,BECKY,Friday,1.3333333333333333,39.7,40.0,11.90350088559384,28.8,50.0,158.8,4,32.0,50.0
LAWJ01,2018-07-03,0,0,nenhum,nenhum,nenhum,nenhum,,0,SINEAD,Tuesday,1.0,35.0,35.0,,35.0,35.0,35.0,1,35.0,35.0
ROWD01,2018-07-03,0,0,nenhum,nenhum,nenhum,nenhum,,0,BECKY,Tuesday,1.0,70.0,70.0,14.142135623730951,60.0,80.0,140.0,2,35.0,80.0
JOHD01,2018-07-03,0,0,nenhum,nenhum,SHCM,SINEAD,7.0,1,SINEAD,Thursday,1.0,45.0,45.0,14.142135623730951,35.0,55.0,90.0,2,35.0,55.0
PANB01,2018-07-04,0,0,nenhum,nenhum,nenhum,nenhum,,0,nenhum,nenhum,,,,,,,0.0,0,,0.0
ALVJ01,2018-07-04,0,0,nenhum,nenhum,nenhum,nenhum,,0,JJ,Tuesday,1.0,82.0,82.0,,82.0,82.0,82.0,1,64.0,82.0
PARD01,2018-07-04,0,0,nenhum,nenhum,nenhum,nenhum,,0,nenhum,nenhum,,,,,,,0.0,0,,0.0
RIDY01,2018-07-04,0,0,nenhum,nenhum,nenhum,nenhum,,0,nenhum,nenhum,,,,,,,0.0,0,,0.0
TAYN01,2018-07-04,0,0,nenhum,nenhum,nenhum,nenhum,,0,nenhum,nenhum,,,,,,,0.0,0,,0.0
GELK01,2018-07-04,0,0,nenhum,nenhum,nenhum,nenhum,,0,JJ,Thursday,1.5,78.13333333333334,82.0,26.016405080897194,50.4,102.0,234.4,3,34.0,102.0
GRET01,2018-07-04,0,0,nenhum,nenhum,nenhum,nenhum,,0,JJ,Wednesday,1.5,47.13333333333333,41.4,11.164825718896527,40.0,60.0,141.4,3,28.0,101.4
TANJ01,2018-07-04,0,0,nenhum,nenhum,nenhum,nenhum,,0,nenhum,nenhum,,,,,,,0.0,0,,0.0
ARRM01,2018-07-10,0,0,nenhum,nenhum,nenhum,nenhum,,0,JJ,Friday,1.3333333333333333,62.25,53.5,15.745747725293056,45.0,85.0,498.0,8,3.0,52.0
SINT01,2018-04-07,0,0,nenhum,nenhum,nenhum,nenhum,,0,nenhum,nenhum,,,,,,,0.0,0,,0.0
SINW01,2018-04-07,0,0,nenhum,nenhum,nenhum,nenhum,,0,nenhum,nenhum,,,,,,,0.0,0,,0.0
DAMK01,2018-07-04,0,0,nenhum,nenhum,nenhum,nenhum,,0,nenhum,nenhum,,,,,,,0.0,0,,0.0
GROJ01,2018-07-04,0,0,nenhum,nenhum,nenhum,nenhum,,0,nenhum,nenhum,,,,,,,0.0,0,,0.0
STOV01,2018-07-05,0,0,nenhum,nenhum,nenhum,nenhum,,0,JJ,Wednesday,1.0,40.0,40.0,,40.0,40.0,40.0,1,71.0,40.0
DEH01,2018-07-05,0,0,nenhum,nenhum,nenhum,nenhum,,0,nenhum,nenhum,,,,,,,0.0,0,,0.0
JOHJ01,2018-07-17,0,0,nenhum,nenhum,nenhum,nenhum,,0,SINEAD,Saturday,1.0,106.66666666666667,90.0,47.258156262526086,70.0,160.0,320.0,3,48.0,90.0
GRIA01,2018-07-05,0,0,nenhum,nenhum,nenhum,nenhum,,0,SINEAD,Thursday,1.0,80.0,80.0,14.142135623730951,70.0,90.0,160.0,2,43.0,90.0
CYRA01,2018-07-05,0,1,BECKY,CON,nenhum,nenhum,,0,BECKY,Tuesday,1.0,60.0,60.0,,60.0,60.0,60.0,1,65.0,60.0
KIRJ01,2018-07-05,0,0,nenhum,nenhum,nenhum,nenhum,,0,nenhum,nenhum,,,,,,,0.0,0,,0.0
POUG01,2018-07-20,0,0,nenhum,nenhum,nenhum,nenhum,,0,KELLY,Thursday,1.0,35.0,35.0,,35.0,35.0,35.0,1,15.0,35.0
BANR01,2018-07-05,0,0,nenhum,nenhum,nenhum,nenhum,,0,BECKY,Saturday,2.0,53.75,52.5,12.5,40.0,70.0,215.0,4,33.0,120.0
GUBD01,2018-07-05,0,0,nenhum,nenhum,nenhum,nenhum,,0,JJ,Friday,1.0,50.0,50.0,14.142135623730951,40.0,60.0,100.0,2,41.0,60.0
BRIK01,2018-07-05,0,0,nenhum,nenhum,nenhum,nenhum,,0,JJ,Thursday,1.0,82.0,82.0,,82.0,82.0,82.0,1,63.0,82.0
KURG01,2018-04-07,0,0,nenhum,nenhum,nenhum,nenhum,,0,nenhum,nenhum,,,,,,,0.0,0,,0.0
GALB01,2018-07-05,0,0,nenhum,nenhum,nenhum,nenhum,,0,JJ,Thursday,1.0,53.333333333333336,60.0,11.547005383792515,40.0,60.0,160.0,3,36.0,60.0
KOLK01,2018-07-05,0,0,nenhum,nenhum,nenhum,nenhum,,0,nenhum,nenhum,,,,,,,0.0,0,,0.0
VALT01,2018-07-05,0,0,nenhum,nenhum,nenhum,nenhum,,0,nenhum,nenhum,,,,,,,0.0,0,,0.0
CHMY01,2018-07-27,0,0,nenhum,nenhum,nenhum,nenhum,,0,BECKY,Friday,1.0,70.0,70.0,14.142135623730951,60.0,80.0,140.0,2,21.0,80.0
MARO01,2018-07-06,0,0,nenhum,nenhum,nenhum,nenhum,,0,KELLY,Friday,1.0,60.0,60.0,,60.0,60.0,60.0,1,28.0,60.0
SHAM01,2018-07-06,0,0,nenhum,nenhum,nenhum,nenhum,,0,nenhum,nenhum,,,,,,,0.0,0,,0.0
MINA02,2018-07-06,0,0,nenhum,nenhum,nenhum,nenhum,,0,nenhum,nenhum,,,,,,,0.0,0,,0.0
HIMB01,2018-07-06,0,0,nenhum,nenhum,SHCW,JJ,1.0,1,JJ,Thursday,1.0,82.0,82.0,,82.0,82.0,82.0,1,43.0,82.0
MUMK01,2018-07-06,0,0,nenhum,nenhum,nenhum,nenhum,,0,JJ,Friday,1.3333333333333333,75.5,75.0,4.932882862316247,70.0,82.0,302.0,4,35.0,145.0
BOYL01,2018-07-06,0,1,SINEAD,CON,nenhum,nenhum,,0,SINEAD,Wednesday,2.0,57.5,57.5,17.67766952966369,45.0,70.0,115.0,2,72.0,115.0
MCAJ01,2018-07-06,0,0,nenhum,nenhum,nenhum,nenhum,,0,nenhum,nenhum,,,,,,,0.0,0,,0.0
CALD01,2018-07-06,0,0,nenhum,nenhum,nenhum,nenhum,,0,nenhum,nenhum,,,,,,,0.0,0,,0.0
ROBM01,2018-07-06,0,0,nenhum,nenhum,nenhum,nenhum,,0,nenhum,nenhum,,,,,,,0.0,0,,0.0
KENH01,2018-04-07,0,0,nenhum,nenhum,nenhum,nenhum,,0,nenhum,nenhum,,,,,,,0.0,0,,0.0
BEBY01,2018-07-06,0,0,nenhum,nenhum,nenhum,nenhum,,0,nenhum,nenhum,,,,,,,0.0,0,,0.0
HADD01,2018-07-06,0,0,nenhum,nenhum,nenhum,nenhum,,0,nenhum,nenhum,,,,,,,0.0,0,,0.0
MOIB01,2018-07-06,0,0,nenhum,nenhum,SHCW,SINEAD,2.0,1,SINEAD,Thursday,2.0,66.575,70.0,22.276800338767984,36.3,90.0,266.3,4,43.0,196.3
TERJ01,2018-07-06,0,0,nenhum,nenhum,nenhum,nenhum,,0,nenhum,nenhum,,,,,,,0.0,0,,0.0
KINN01,2018-07-07,0,0,nenhum,nenhum,SHCW,JJ,2.0,1,JJ,Friday,1.3333333333333333,67.8475,67.0,29.840236119485827,35.39,102.0,271.39,4,43.0,102.0
WILK01,2018-04-07,0,0,nenhum,nenhum,nenhum,nenhum,,0,nenhum,nenhum,,,,,,,0.0,0,,0.0
CASH01,2018-07-07,0,2,JJ,CON,nenhum,nenhum,,0,JJ,Tuesday,1.0,92.0,92.0,14.142135623730951,82.0,102.0,184.0,2,32.0,102.0
SPEK01,2018-07-26,0,0,nenhum,nenhum,nenhum,nenhum,,0,JOANNE,Saturday,1.5,74.0,70.0,26.229754097208,50.0,102.0,222.0,3,19.0,172.0
CHOK01,2018-07-07,0,0,nenhum,nenhum,nenhum,nenhum,,0,nenhum,nenhum,,,,,,,0.0,0,,0.0
POIJ01,2018-07-07,0,0,nenhum,nenhum,nenhum,nenhum,,0,nenhum,nenhum,,,,,,,0.0,0,,0.0
PIJM01,2018-07-07,0,0,nenhum,nenhum,nenhum,nenhum,,0,nenhum,nenhum,,,,,,,0.0,0,,0.0
SMIS01,2018-07-07,0,0,nenhum,nenhum,nenhum,nenhum,,0,JOANNE,Saturday,1.0,140.0,140.0,,140.0,140.0,140.0,1,56.0,140.0
MORD01,2018-07-07,0,0,nenhum,nenhum,nenhum,nenhum,,0,KELLY,Wednesday,1.0,35.0,35.0,,35.0,35.0,35.0,1,38.0,35.0
NADS01,2018-07-07,0,0,nenhum,nenhum,nenhum,nenhum,,0,JJ,Friday,3.0,55.666666666666664,50.0,17.214335111567145,42.0,75.0,167.0,3,36.0,167.0
BERH01,2018-07-07,0,0,nenhum,nenhum,nenhum,nenhum,,0,JJ,Wednesday,1.5,78.0,90.0,22.538855339169288,52.0,92.0,234.0,3,45.0,52.0
MACB01,2018-07-07,0,0,nenhum,nenhum,nenhum,nenhum,,0,JJ,Saturday,3.0,48.75,33.52,28.829115491114187,30.73,82.0,146.25,3,70.0,146.25
SQUN01,2018-07-07,0,0,nenhum,nenhum,nenhum,nenhum,,0,nenhum,nenhum,,,,,,,0.0,0,,0.0
SMIL01,2018-07-26,0,0,nenhum,nenhum,nenhum,nenhum,,0,JJ,Tuesday,1.0,40.0,40.0,,40.0,40.0,40.0,1,16.0,40.0
MART01,2018-07-10,0,0,nenhum,nenhum,nenhum,nenhum,,0,nenhum,nenhum,,,,,,,0.0,0,,0.0
GRIP01,2018-07-10,0,0,nenhum,nenhum,nenhum,nenhum,,0,BECKY,Tuesday,1.0,42.5,42.5,10.606601717798213,35.0,50.0,85.0,2,35.0,50.0
MASA01,2018-07-11,1,0,nenhum,nenhum,CBAL,JOANNE,1.0,2,BECKY,Friday,1.0,40.0,40.0,14.142135623730951,30.0,50.0,80.0,2,1.0,50.0
LANR01,2018-07-10,0,0,nenhum,nenhum,nenhum,nenhum,,0,nenhum,nenhum,,,,,,,0.0,0,,0.0
BALO01,2018-07-10,0,0,nenhum,nenhum,nenhum,nenhum,,0,nenhum,nenhum,,,,,,,0.0,0,,0.0
BLAJ01,2018-04-07,0,0,nenhum,nenhum,nenhum,nenhum,,0,nenhum,nenhum,,,,,,,0.0,0,,0.0
HOLD01,2018-07-10,0,0,nenhum,nenhum,nenhum,nenhum,,0,BECKY,Tuesday,1.0,60.0,60.0,,60.0,60.0,60.0,1,49.0,60.0
DEAM01,2018-07-10,0,0,nenhum,nenhum,SHCM,KELLY,1.0,1,nenhum,nenhum,,,,,,,0.0,0,,0.0
WEIA01,2018-07-10,0,0,nenhum,nenhum,nenhum,nenhum,,0,JJ,Tuesday,1.0,92.0,92.0,14.142135623730951,82.0,102.0,184.0,2,42.0,102.0
SINS02,2018-07-10,0,0,nenhum,nenhum,nenhum,nenhum,,0,KELLY,Wednesday,1.0,30.0,30.0,,30.0,30.0,30.0,1,48.0,30.0
SINS01,2018-07-10,0,0,nenhum,nenhum,nenhum,nenhum,,0,JJ,Friday,1.0,30.0,30.0,42.42640687119285,0.0,60.0,60.0,2,32.0,60.0
TOPS01,2018-07-14,0,0,nenhum,nenhum,SHCW,BECKY,1.0,1,BECKY,Sunday,1.0,60.0,60.0,,60.0,60.0,60.0,1,97.0,60.0
BESJ01,2018-07-10,0,0,nenhum,nenhum,nenhum,nenhum,,0,nenhum,nenhum,,,,,,,0.0,0,,0.0
TAYE01,2018-07-10,0,1,JJ,SHCM,SHCM,JJ,0.0,1,JJ,Friday,1.0,50.0,50.0,14.142135623730951,40.0,60.0,100.0,2,70.0,60.0
NIDN01,2018-07-17,0,0,nenhum,nenhum,nenhum,nenhum,,0,JOANNE,Saturday,1.5,57.0,52.5,18.33030277982336,32.0,85.0,342.0,6,7.0,140.0
SCHP01,2018-07-10,0,0,nenhum,nenhum,nenhum,nenhum,,0,BECKY,Friday,2.0,90.0,90.0,28.284271247461902,70.0,110.0,180.0,2,39.0,180.0
KEAJ01,2018-07-11,0,0,nenhum,nenhum,nenhum,nenhum,,0,nenhum,nenhum,,,,,,,0.0,0,,0.0
JACA01,2018-07-12,0,0,nenhum,nenhum,CFC,JJ,1.0,4,nenhum,nenhum,,,,,,,0.0,0,,0.0
MUNM01,2018-07-11,0,0,nenhum,nenhum,nenhum,nenhum,,0,nenhum,nenhum,,,,,,,0.0,0,,0.0
MUNJ01,2018-07-11,0,0,nenhum,nenhum,nenhum,nenhum,,0,nenhum,nenhum,,,,,,,0.0,0,,0.0
SCHJ03,2018-04-08,0,0,nenhum,nenhum,nenhum,nenhum,,0,nenhum,nenhum,,,,,,,0.0,0,,0.0
KIMS01,2018-07-11,0,0,nenhum,nenhum,nenhum,nenhum,,0,JJ,Tuesday,2.0,83.5,83.5,12.020815280171307,75.0,92.0,167.0,2,64.0,167.0
DUFM01,2018-07-11,0,0,nenhum,nenhum,nenhum,nenhum,,0,nenhum,nenhum,,,,,,,0.0,0,,0.0
MCGA01,2018-07-11,0,0,nenhum,nenhum,nenhum,nenhum,,0,JJ,Wednesday,1.0,78.0,82.0,26.229754097208,50.0,102.0,234.0,3,35.0,50.0
CHAG01,2018-04-08,0,0,nenhum,nenhum,nenhum,nenhum,,0,nenhum,nenhum,,,,,,,0.0,0,,0.0
PRIL01,2018-07-11,0,0,nenhum,nenhum,nenhum,nenhum,,0,JJ,Thursday,1.0,51.0,51.0,,51.0,51.0,51.0,1,55.0,51.0
JARM01,2018-07-11,0,0,nenhum,nenhum,nenhum,nenhum,,0,JJ,Friday,1.0,92.0,92.0,14.142135623730951,82.0,102.0,184.0,2,40.0,102.0
NICM01,2018-07-11,0,0,nenhum,nenhum,nenhum,nenhum,,0,JJ,Friday,1.0,92.0,92.0,14.142135623730951,82.0,102.0,184.0,2,33.0,102.0
CLAJ01,2018-07-24,0,0,nenhum,nenhum,nenhum,nenhum,,0,JJ,Wednesday,1.0,33.5,33.5,2.1213203435596424,32.0,35.0,67.0,2,13.0,35.0
RIJR01,2018-07-12,0,0,nenhum,nenhum,nenhum,nenhum,,0,nenhum,nenhum,,,,,,,0.0,0,,0.0
STEC01,2018-07-12,0,0,nenhum,nenhum,nenhum,nenhum,,0,nenhum,nenhum,,,,,,,0.0,0,,0.0
SITB01,2018-07-12,0,0,nenhum,nenhum,nenhum,nenhum,,0,nenhum,nenhum,,,,,,,0.0,0,,0.0
WAIS01,2018-07-12,0,0,nenhum,nenhum,nenhum,nenhum,,0,SINEAD,Thursday,1.0,70.0,70.0,,70.0,70.0,70.0,1,42.0,70.0
SPEC01,2018-07-12,0,0,nenhum,nenhum,nenhum,nenhum,,0,nenhum,nenhum,,,,,,,0.0,0,,0.0
HENA01,2018-07-12,0,0,nenhum,nenhum,nenhum,nenhum,,0,JOANNE,Thursday,3.0,73.33333333333333,70.0,55.07570547286102,20.0,130.0,220.0,3,49.0,220.0
GOUE01,2018-07-12,0,0,nenhum,nenhum,nenhum,nenhum,,0,BECKY,Friday,1.0,70.0,70.0,14.142135623730951,60.0,80.0,140.0,2,41.0,80.0
MAEJ01,2018-07-12,0,0,nenhum,nenhum,CFC,BECKY,8.0,1,JJ,Wednesday,3.0,60.91,60.0,30.64513501357108,30.73,92.0,182.73,3,43.0,182.73
BROF01,2018-07-12,0,0,nenhum,nenhum,nenhum,nenhum,,0,JOANNE,Saturday,2.0,91.25,92.5,51.051444641655344,40.0,140.0,365.0,4,35.0,195.0
TAYD01,2018-07-12,0,0,nenhum,nenhum,nenhum,nenhum,,0,JJ,Thursday,1.0,82.0,82.0,,82.0,82.0,82.0,1,112.0,82.0
WRIM01,2018-07-12,0,0,nenhum,nenhum,nenhum,nenhum,,0,nenhum,nenhum,,,,,,,0.0,0,,0.0
POLB01,2018-07-20,0,0,nenhum,nenhum,nenhum,nenhum,,0,BECKY,Thursday,1.0,55.0,55.0,25.0,30.0,80.0,165.0,3,8.0,80.0
ZIMJ01,2018-07-27,0,0,nenhum,nenhum,nenhum,nenhum,,0,JJ,Friday,1.0,50.0,60.0,17.320508075688775,30.0,60.0,150.0,3,15.0,60.0
JARS01,2018-07-12,0,0,nenhum,nenhum,nenhum,nenhum,,0,JJ,Thursday,1.0,82.0,82.0,,82.0,82.0,82.0,1,98.0,82.0
DUBO01,2018-07-12,0,0,nenhum,nenhum,nenhum,nenhum,,0,nenhum,nenhum,,,,,,,0.0,0,,0.0
MOOJ01,2018-07-26,1,0,nenhum,nenhum,nenhum,nenhum,,0,KELLY,Thursday,1.0,45.0,45.0,14.142135623730951,35.0,55.0,90.0,2,1.0,55.0
BUSC01,2018-07-12,0,0,nenhum,nenhum,nenhum,nenhum,,0,JJ,Tuesday,1.0,92.0,92.0,14.142135623730951,82.0,102.0,184.0,2,57.0,102.0
FREK01,2018-07-13,0,0,nenhum,nenhum,nenhum,nenhum,,0,nenhum,nenhum,,,,,,,0.0,0,,0.0
PARC01,2018-03-16,0,0,nenhum,nenhum,nenhum,nenhum,,0,nenhum,nenhum,,,,,,,0.0,0,,0.0
BOWM01,2018-07-13,0,0,nenhum,nenhum,nenhum,nenhum,,0,JJ,Tuesday,1.0,82.0,82.0,,82.0,82.0,82.0,1,94.0,82.0
KIMY01,2018-07-13,0,0,nenhum,nenhum,nenhum,nenhum,,0,JJ,Tuesday,1.0,82.0,82.0,,82.0,82.0,82.0,1,66.0,82.0
ROZM01,2018-07-13,0,0,nenhum,nenhum,nenhum,nenhum,,0,nenhum,nenhum,,,,,,,0.0,0,,0.0
CAND01,2018-07-13,0,0,nenhum,nenhum,nenhum,nenhum,,0,JJ,Saturday,1.6666666666666667,50.0,45.0,9.354143466934854,40.0,60.0,250.0,5,34.0,105.0
CARB01,2018-07-13,0,0,nenhum,nenhum,CON,BECKY,0.0,1,BECKY,Tuesday,2.0,29.85,29.7,24.495509792613014,0.0,60.0,119.4,4,52.0,59.4
LYK01,2018-07-13,0,0,nenhum,nenhum,nenhum,nenhum,,0,nenhum,nenhum,,,,,,,0.0,0,,0.0
SARK01,2018-07-28,0,0,nenhum,nenhum,nenhum,nenhum,,0,JJ,Friday,2.0,107.45625000000001,102.0,62.78085147957138,17.55,224.1,859.6500000000001,8,15.0,259.55
BARW01,2018-07-13,0,0,nenhum,nenhum,nenhum,nenhum,,0,JJ,Friday,2.0,35.365,35.365,6.554879861599296,30.73,40.0,70.73,2,84.0,70.73
POOD01,2018-07-13,0,0,nenhum,nenhum,nenhum,nenhum,,0,SINEAD,Wednesday,1.0,45.0,45.0,14.142135623730951,35.0,55.0,90.0,2,51.0,55.0
TOBJ01,2018-07-14,0,0,nenhum,nenhum,nenhum,nenhum,,0,nenhum,nenhum,,,,,,,0.0,0,,0.0
ARBA01,2018-07-14,0,0,nenhum,nenhum,nenhum,nenhum,,0,nenhum,nenhum,,,,,,,0.0,0,,0.0
MUIK01,2018-07-14,0,0,nenhum,nenhum,nenhum,nenhum,,0,nenhum,nenhum,,,,,,,0.0,0,,0.0
SMAN01,2018-07-14,0,0,nenhum,nenhum,nenhum,nenhum,,0,nenhum,nenhum,,,,,,,0.0,0,,0.0
DALR01,2018-07-14,0,0,nenhum,nenhum,nenhum,nenhum,,0,nenhum,nenhum,,,,,,,0.0,0,,0.0
KOOM01,2018-07-20,0,0,nenhum,nenhum,nenhum,nenhum,,0,JJ,Friday,1.0,78.66666666666667,82.0,25.16611478423583,52.0,102.0,236.0,3,43.0,102.0
LAMD01,2018-07-14,0,0,nenhum,nenhum,CBAL,JOANNE,0.0,1,JJ,Wednesday,1.0,82.0,82.0,,82.0,82.0,82.0,1,59.0,82.0
MOHM01,2018-07-14,0,0,nenhum,nenhum,nenhum,nenhum,,0,nenhum,nenhum,,,,,,,0.0,0,,0.0
BINP01,2018-07-14,0,0,nenhum,nenhum,nenhum,nenhum,,0,nenhum,nenhum,,,,,,,0.0,0,,0.0
FLAS01,2018-08-28,0,0,nenhum,nenhum,nenhum,nenhum,,0,SINEAD,Saturday,3.5,60.07857142857143,75.0,25.06514873190225,30.73,85.0,420.55,7,45.0,165.0
CECA01,2018-07-14,0,0,nenhum,nenhum,nenhum,nenhum,,0,nenhum,nenhum,,,,,,,0.0,0,,0.0
CULT01,2018-07-14,0,1,SINEAD,CON,nenhum,nenhum,,0,SINEAD,Saturday,1.0,35.0,35.0,49.49747468305833,0.0,70.0,70.0,2,42.0,70.0
LANS01,2018-04-10,0,0,nenhum,nenhum,nenhum,nenhum,,0,nenhum,nenhum,,,,,,,0.0,0,,0.0
HUTP01,2018-07-14,0,0,nenhum,nenhum,nenhum,nenhum,,0,nenhum,nenhum,,,,,,,0.0,0,,0.0
LAIA01,2018-07-25,0,0,nenhum,nenhum,nenhum,nenhum,,0,TANYA,Saturday,1.0,15.0,15.0,,15.0,15.0,15.0,1,11.0,15.0
YAGL01,2018-07-14,0,0,nenhum,nenhum,nenhum,nenhum,,0,nenhum,nenhum,,,,,,,0.0,0,,0.0
COWL01,2018-07-14,0,0,nenhum,nenhum,nenhum,nenhum,,0,JOANNE,Friday,3.0,81.66666666666667,70.0,63.31139971074193,25.0,150.0,245.0,3,64.0,245.0
CONK01,2018-07-15,0,0,nenhum,nenhum,nenhum,nenhum,,0,nenhum,nenhum,,,,,,,0.0,0,,0.0
HAMD01,2018-07-15,0,0,nenhum,nenhum,nenhum,nenhum,,0,BECKY,Thursday,1.0,30.0,30.0,,30.0,30.0,30.0,1,59.0,30.0
BROT01,2018-07-15,0,0,nenhum,nenhum,SHCW,SINEAD,3.0,1,SINEAD,Thursday,1.0,70.0,70.0,,70.0,70.0,70.0,1,87.0,70.0
NIKK01,2018-07-15,0,0,nenhum,nenhum,nenhum,nenhum,,0,nenhum,nenhum,,,,,,,0.0,0,,0.0
BARJ01,2018-07-15,0,0,nenhum,nenhum,nenhum,nenhum,,0,nenhum,nenhum,,,,,,,0.0,0,,0.0
SARM01,2018-07-17,0,0,nenhum,nenhum,nenhum,nenhum,,0,JJ,Saturday,1.5,72.33333333333333,82.0,19.39931270260195,50.0,85.0,217.0,3,66.0,135.0
JURS01,2018-07-17,0,0,nenhum,nenhum,nenhum,nenhum,,0,nenhum,nenhum,,,,,,,0.0,0,,0.0
HYLK01,2018-07-17,0,0,nenhum,nenhum,nenhum,nenhum,,0,nenhum,nenhum,,,,,,,0.0,0,,0.0
KWOR01,2018-07-17,0,0,nenhum,nenhum,nenhum,nenhum,,0,nenhum,nenhum,,,,,,,0.0,0,,0.0
TRAS01,2018-07-17,0,0,nenhum,nenhum,nenhum,nenhum,,0,JOANNE,Tuesday,1.0,130.0,130.0,,130.0,130.0,130.0,1,42.0,130.0
TIML01,2018-07-17,0,0,nenhum,nenhum,nenhum,nenhum,,0,JJ,Friday,1.0,32.0,32.0,,32.0,32.0,32.0,1,67.0,32.0
BOSJ01,2018-07-17,0,0,nenhum,nenhum,nenhum,nenhum,,0,SINEAD,Tuesday,1.6666666666666667,62.85,70.0,29.22888468621408,30.73,90.0,314.25,5,48.0,90.0
PAE01,2018-09-21,0,0,nenhum,nenhum,nenhum,nenhum,,0,KELLY,Tuesday,3.0,78.33333333333333,75.0,30.13856886670854,50.0,110.0,235.0,3,66.0,235.0
STUM01,2018-07-17,0,0,nenhum,nenhum,nenhum,nenhum,,0,JOANNE,Saturday,2.0,98.9,98.9,86.40844866099611,37.8,160.0,197.8,2,45.0,197.8
SAMB01,2018-04-10,0,0,nenhum,nenhum,nenhum,nenhum,,0,nenhum,nenhum,,,,,,,0.0,0,,0.0
GUYD01,2018-07-17,0,0,nenhum,nenhum,CCAMO,BECKY,1.0,2,BECKY,Friday,2.0,37.5,37.5,3.5355339059327378,35.0,40.0,75.0,2,74.0,75.0
PARJ01,2018-07-17,0,0,nenhum,nenhum,nenhum,nenhum,,0,KELLY,Wednesday,1.0,35.0,35.0,,35.0,35.0,35.0,1,55.0,35.0
GROR01,2018-07-17,0,0,nenhum,nenhum,nenhum,nenhum,,0,nenhum,nenhum,,,,,,,0.0,0,,0.0
BEZK01,2018-07-18,0,0,nenhum,nenhum,nenhum,nenhum,,0,nenhum,nenhum,,,,,,,0.0,0,,0.0
BOES01,2018-07-18,0,0,nenhum,nenhum,nenhum,nenhum,,0,JOANNE,Friday,1.0,120.0,120.0,0.0,120.0,120.0,240.0,2,40.0,120.0
STAT01,2018-07-18,0,0,nenhum,nenhum,nenhum,nenhum,,0,nenhum,nenhum,,,,,,,0.0,0,,0.0
KRIA01,2018-04-10,0,0,nenhum,nenhum,nenhum,nenhum,,0,nenhum,nenhum,,,,,,,0.0,0,,0.0
VARE01,2018-07-18,0,0,nenhum,nenhum,SHCW,JJ,0.0,1,nenhum,nenhum,,,,,,,0.0,0,,0.0
BEAA02,2018-07-19,0,0,nenhum,nenhum,nenhum,nenhum,,0,JJ,Friday,2.0,59.9,59.9,31.254119728445403,37.8,82.0,119.8,2,41.0,119.8
NICL01,2018-07-19,0,0,nenhum,nenhum,nenhum,nenhum,,0,JJ,Friday,2.0,59.9,59.9,31.254119728445403,37.8,82.0,119.8,2,69.0,119.8
WOOJ02,2018-07-19,0,0,nenhum,nenhum,SHCM,BECKY,0.0,1,nenhum,nenhum,,,,,,,0.0,0,,0.0
CHAE01,2018-07-19,0,0,nenhum,nenhum,nenhum,nenhum,,0,nenhum,nenhum,,,,,,,0.0,0,,0.0
COHH01,2018-07-19,0,0,nenhum,nenhum,nenhum,nenhum,,0,nenhum,nenhum,,,,,,,0.0,0,,0.0
KEIS01,2018-07-19,0,0,nenhum,nenhum,SBD,TANYA,8.0,1,BECKY,Thursday,1.0,70.0,70.0,14.142135623730951,60.0,80.0,140.0,2,51.0,80.0
STEM02,2018-07-19,0,0,nenhum,nenhum,nenhum,nenhum,,0,JJ,Tuesday,1.0,40.0,40.0,,40.0,40.0,40.0,1,51.0,40.0
SINJ01,2018-07-19,0,0,nenhum,nenhum,nenhum,nenhum,,0,JJ,Wednesday,1.0,82.0,82.0,,82.0,82.0,82.0,1,71.0,82.0
SLEA01,2018-05-30,0,0,nenhum,nenhum,nenhum,nenhum,,0,HOUSE,Sunday,1.5,13.333333333333334,0.0,23.09401076758503,0.0,40.0,40.0,3,59.0,0.0
HEIM01,2018-07-19,0,0,nenhum,nenhum,SHCW,BECKY,8.0,1,BECKY,Saturday,1.0,70.0,70.0,14.142135623730951,60.0,80.0,140.0,2,44.0,80.0
ESKR01,2018-07-19,0,1,JJ,CON,nenhum,nenhum,,0,JJ,Thursday,1.0,92.0,92.0,14.142135623730951,82.0,102.0,184.0,2,50.0,102.0
HERD01,2018-07-19,0,0,nenhum,nenhum,nenhum,nenhum,,0,KELLY,Thursday,2.0,31.725,31.725,18.773685040502837,18.45,45.0,63.45,2,42.0,63.45
MCGD01,2018-07-20,0,0,nenhum,nenhum,nenhum,nenhum,,0,nenhum,nenhum,,,,,,,0.0,0,,0.0
FAIL01,2018-07-20,0,0,nenhum,nenhum,nenhum,nenhum,,0,nenhum,nenhum,,,,,,,0.0,0,,0.0
TOMA01,2018-07-20,0,0,nenhum,nenhum,nenhum,nenhum,,0,nenhum,nenhum,,,,,,,0.0,0,,0.0
MOOE01,2018-07-20,0,0,nenhum,nenhum,nenhum,nenhum,,0,nenhum,nenhum,,,,,,,0.0,0,,0.0
MURS02,2018-07-20,0,0,nenhum,nenhum,nenhum,nenhum,,0,nenhum,nenhum,,,,,,,0.0,0,,0.0
CRIV01,2018-07-20,0,0,nenhum,nenhum,nenhum,nenhum,,0,SINEAD,Wednesday,1.0,70.0,70.0,,70.0,70.0,70.0,1,72.0,70.0
VAUD01,2018-04-19,0,0,nenhum,nenhum,nenhum,nenhum,,0,JJ,Wednesday,1.0,32.0,32.0,,32.0,32.0,32.0,1,8.0,32.0
THOW01,2018-07-20,0,0,nenhum,nenhum,nenhum,nenhum,,0,JJ,Friday,1.0,67.0,67.0,49.49747468305833,32.0,102.0,134.0,2,70.0,102.0
DIRK01,2018-07-20,0,0,nenhum,nenhum,nenhum,nenhum,,0,nenhum,nenhum,,,,,,,0.0,0,,0.0
RUBH02,2018-07-20,0,0,nenhum,nenhum,nenhum,nenhum,,0,nenhum,nenhum,,,,,,,0.0,0,,0.0
STEB01,2018-07-20,0,0,nenhum,nenhum,nenhum,nenhum,,0,BECKY,Friday,1.0,40.0,40.0,14.142135623730951,30.0,50.0,80.0,2,49.0,50.0
MARK01,2018-07-20,0,2,BECKY,CON,SHCW,BECKY,0.0,1,BECKY,Thursday,1.0,70.0,70.0,14.142135623730951,60.0,80.0,140.0,2,45.0,80.0
LYL01,2018-07-20,0,0,nenhum,nenhum,nenhum,nenhum,,0,JJ,Saturday,1.0,82.0,82.0,,82.0,82.0,82.0,1,69.0,82.0
LEIG01,2018-07-21,0,0,nenhum,nenhum,nenhum,nenhum,,0,nenhum,nenhum,,,,,,,0.0,0,,0.0
LELS01,2018-07-21,0,0,nenhum,nenhum,nenhum,nenhum,,0,nenhum,nenhum,,,,,,,0.0,0,,0.0
MCGA03,2018-07-21,0,0,nenhum,nenhum,nenhum,nenhum,,0,nenhum,nenhum,,,,,,,0.0,0,,0.0
RUGN01,2018-07-21,0,0,nenhum,nenhum,nenhum,nenhum,,0,nenhum,nenhum,,,,,,,0.0,0,,0.0
ALLM01,2018-07-21,0,0,nenhum,nenhum,nenhum,nenhum,,0,JJ,Friday,1.0,82.0,82.0,,82.0,82.0,82.0,1,99.0,82.0
ROST01,2018-07-21,0,0,nenhum,nenhum,nenhum,nenhum,,0,JJ,Saturday,1.0,40.0,40.0,,40.0,40.0,40.0,1,70.0,40.0
HYSA01,2018-07-21,0,0,nenhum,nenhum,nenhum,nenhum,,0,JJ,Thursday,1.0,40.0,40.0,,40.0,40.0,40.0,1,121.0,40.0
AGOE01,2018-07-24,0,0,nenhum,nenhum,nenhum,nenhum,,0,nenhum,nenhum,,,,,,,0.0,0,,0.0
MACA01,2018-07-24,0,0,nenhum,nenhum,nenhum,nenhum,,0,nenhum,nenhum,,,,,,,0.0,0,,0.0
LEES01,2018-07-24,0,0,nenhum,nenhum,nenhum,nenhum,,0,nenhum,nenhum,,,,,,,0.0,0,,0.0
DAWP01,2018-07-24,0,0,nenhum,nenhum,nenhum,nenhum,,0,SINEAD,Tuesday,1.0,70.0,70.0,,70.0,70.0,70.0,1,56.0,70.0
KUKH01,2018-07-24,0,0,nenhum,nenhum,nenhum,nenhum,,0,BECKY,Tuesday,2.0,95.0,95.0,77.78174593052023,40.0,150.0,190.0,2,63.0,190.0
ND01,2018-07-24,0,0,nenhum,nenhum,nenhum,nenhum,,0,nenhum,nenhum,,,,,,,0.0,0,,0.0
TRUA02,2018-07-24,0,0,nenhum,nenhum,nenhum,nenhum,,0,nenhum,nenhum,,,,,,,0.0,0,,0.0
TRUA01,2018-07-24,0,0,nenhum,nenhum,nenhum,nenhum,,0,JJ,Wednesday,1.0,40.0,40.0,,40.0,40.0,40.0,1,48.0,40.0
BISS01,2018-07-24,0,2,BECKY,CHLPL,nenhum,nenhum,,0,nenhum,nenhum,,,,,,,0.0,0,,0.0
RUTA01,2018-07-25,0,0,nenhum,nenhum,nenhum,nenhum,,0,JJ,Thursday,2.0,103.5,97.0,25.942243542145693,80.0,140.0,414.0,4,62.0,242.0
DAS*01,2018-07-24,0,0,nenhum,nenhum,nenhum,nenhum,,0,nenhum,nenhum,,,,,,,0.0,0,,0.0
GIEC01,2018-07-24,0,0,nenhum,nenhum,nenhum,nenhum,,0,JJ,Friday,1.0,40.0,40.0,,40.0,40.0,40.0,1,74.0,40.0
GARJ02,2018-07-25,0,0,nenhum,nenhum,nenhum,nenhum,,0,nenhum,nenhum,,,,,,,0.0,0,,0.0
ATLB01,2018-07-25,0,0,nenhum,nenhum,nenhum,nenhum,,0,nenhum,nenhum,,,,,,,0.0,0,,0.0
RADP01,2018-07-25,0,0,nenhum,nenhum,nenhum,nenhum,,0,KELLY,Saturday,1.0,35.0,35.0,,35.0,35.0,35.0,1,60.0,35.0
KRAS01,2018-07-25,0,0,nenhum,nenhum,nenhum,nenhum,,0,nenhum,nenhum,,,,,,,0.0,0,,0.0
GAGC01,2018-07-25,0,0,nenhum,nenhum,nenhum,nenhum,,0,JJ,Saturday,1.0,82.0,82.0,,82.0,82.0,82.0,1,81.0,82.0
GA01,2018-07-25,0,0,nenhum,nenhum,nenhum,nenhum,,0,nenhum,nenhum,,,,,,,0.0,0,,0.0
GOOA02,2018-07-26,0,0,nenhum,nenhum,nenhum,nenhum,,0,nenhum,nenhum,,,,,,,0.0,0,,0.0
BROA01,2018-06-07,0,0,nenhum,nenhum,nenhum,nenhum,,0,BECKY,Tuesday,1.0,75.0,75.0,7.0710678118654755,70.0,80.0,150.0,2,2.0,80.0
MACR01,2018-07-26,0,0,nenhum,nenhum,nenhum,nenhum,,0,SINEAD,Tuesday,1.0,35.0,35.0,,35.0,35.0,35.0,1,72.0,35.0
MACT02,2018-07-26,0,0,nenhum,nenhum,nenhum,nenhum,,0,nenhum,nenhum,,,,,,,0.0,0,,0.0
SMIC01,2018-07-26,0,0,nenhum,nenhum,nenhum,nenhum,,0,SINEAD,Thursday,1.0,80.0,80.0,14.142135623730951,70.0,90.0,160.0,2,56.0,90.0
KIMF01,2018-04-11,0,0,nenhum,nenhum,nenhum,nenhum,,0,nenhum,nenhum,,,,,,,0.0,0,,0.0
WEEJ01,2018-07-26,0,0,nenhum,nenhum,nenhum,nenhum,,0,nenhum,nenhum,,,,,,,0.0,0,,0.0
SKUT01,2018-07-26,0,0,nenhum,nenhum,nenhum,nenhum,,0,BECKY,Sunday,1.0,60.0,60.0,,60.0,60.0,60.0,1,95.0,60.0
SCOL01,2018-07-26,0,0,nenhum,nenhum,nenhum,nenhum,,0,BECKY,Friday,1.0,75.0,75.0,21.213203435596427,60.0,90.0,150.0,2,50.0,90.0
TASR01,2018-07-26,0,0,nenhum,nenhum,nenhum,nenhum,,0,nenhum,nenhum,,,,,,,0.0,0,,0.0
JONC01,2018-07-26,0,0,nenhum,nenhum,nenhum,nenhum,,0,SINEAD,Tuesday,1.0,35.0,35.0,,35.0,35.0,35.0,1,100.0,35.0
MILJ01,2018-07-26,0,0,nenhum,nenhum,nenhum,nenhum,,0,nenhum,nenhum,,,,,,,0.0,0,,0.0
GREN01,2018-04-11,0,0,nenhum,nenhum,nenhum,nenhum,,0,nenhum,nenhum,,,,,,,0.0,0,,0.0
GRIF01,2018-07-27,0,0,nenhum,nenhum,nenhum,nenhum,,0,nenhum,nenhum,,,,,,,0.0,0,,0.0
JAMM01,2018-07-27,0,0,nenhum,nenhum,nenhum,nenhum,,0,nenhum,nenhum,,,,,,,0.0,0,,0.0
THIA01,2018-07-27,0,0,nenhum,nenhum,nenhum,nenhum,,0,nenhum,nenhum,,,,,,,0.0,0,,0.0
LEAS01,2018-07-27,0,0,nenhum,nenhum,nenhum,nenhum,,0,JOANNE,Saturday,1.0,50.0,50.0,,50.0,50.0,50.0,1,48.0,50.0
JONE01,2018-07-27,0,0,nenhum,nenhum,nenhum,nenhum,,0,KELLY,Saturday,3.0,98.0,45.0,132.69137123415373,0.0,249.0,294.0,3,69.0,294.0
MERM01,2018-07-27,0,0,nenhum,nenhum,nenhum,nenhum,,0,BECKY,Friday,1.0,30.0,30.0,,30.0,30.0,30.0,1,105.0,30.0
LOSC01,2018-07-27,0,0,nenhum,nenhum,nenhum,nenhum,,0,nenhum,nenhum,,,,,,,0.0,0,,0.0
LYOH01,2018-07-27,0,0,nenhum,nenhum,nenhum,nenhum,,0,BECKY,Friday,1.0,60.0,60.0,,60.0,60.0,60.0,1,63.0,60.0
MARR01,2018-07-27,0,0,nenhum,nenhum,nenhum,nenhum,,0,JJ,Thursday,1.0,76.0,76.0,8.48528137423857,70.0,82.0,152.0,2,52.0,82.0
STEL02,2018-07-27,0,0,nenhum,nenhum,nenhum,nenhum,,0,BECKY,Tuesday,1.0,30.0,30.0,,30.0,30.0,30.0,1,59.0,30.0
KENJ01,2018-07-27,0,0,nenhum,nenhum,nenhum,nenhum,,0,nenhum,nenhum,,,,,,,0.0,0,,0.0
LINM01,2018-07-27,0,0,nenhum,nenhum,nenhum,nenhum,,0,JJ,Thursday,1.0,82.0,82.0,,82.0,82.0,82.0,1,120.0,82.0
PN01,2018-07-27,0,0,nenhum,nenhum,nenhum,nenhum,,0,KELLY,Tuesday,1.0,35.0,35.0,,35.0,35.0,35.0,1,66.0,35.0
MCKT01,2018-07-27,0,0,nenhum,nenhum,nenhum,nenhum,,0,BECKY,Tuesday,1.0,60.0,60.0,,60.0,60.0,60.0,1,94.0,60.0
KUCM02,2018-07-27,0,0,nenhum,nenhum,CALC,JOANNE,4.0,1,JJ,Tuesday,3.0,60.93333333333334,50.4,18.244268506392174,50.4,82.0,182.8,3,73.0,182.8
CHUJ01,2018-07-27,0,0,nenhum,nenhum,nenhum,nenhum,,0,SINEAD,Thursday,1.5,50.35,50.0,19.47735865049468,31.05,70.0,151.05,3,57.0,81.05
COAJ01,2018-07-28,0,0,nenhum,nenhum,nenhum,nenhum,,0,nenhum,nenhum,,,,,,,0.0,0,,0.0
HOC01,2018-07-28,0,0,nenhum,nenhum,nenhum,nenhum,,0,nenhum,nenhum,,,,,,,0.0,0,,0.0
TOLM01,2018-07-28,0,0,nenhum,nenhum,nenhum,nenhum,,0,nenhum,nenhum,,,,,,,0.0,0,,0.0
KELR01,2018-07-28,0,0,nenhum,nenhum,nenhum,nenhum,,0,nenhum,nenhum,,,,,,,0.0,0,,0.0
KELA01,2018-07-28,0,0,nenhum,nenhum,nenhum,nenhum,,0,nenhum,nenhum,,,,,,,0.0,0,,0.0
RUMJ02,2018-07-28,0,0,nenhum,nenhum,nenhum,nenhum,,0,JJ,Saturday,2.0,76.0,76.0,22.627416997969522,60.0,92.0,152.0,2,56.0,152.0
JOYA01,2018-07-28,0,0,nenhum,nenhum,nenhum,nenhum,,0,nenhum,nenhum,,,,,,,0.0,0,,0.0
KOMK01,2018-07-28,0,0,nenhum,nenhum,nenhum,nenhum,,0,nenhum,nenhum,,,,,,,0.0,0,,0.0
DD01,2018-07-28,0,0,nenhum,nenhum,nenhum,nenhum,,0,nenhum,nenhum,,,,,,,0.0,0,,0.0
PERB01,2018-07-28,0,0,nenhum,nenhum,nenhum,nenhum,,0,nenhum,nenhum,,,,,,,0.0,0,,0.0
NEML01,2018-07-28,0,0,nenhum,nenhum,nenhum,nenhum,,0,SINEAD,Saturday,1.0,70.0,70.0,,70.0,70.0,70.0,1,98.0,70.0
DACJ01,2018-07-24,0,0,nenhum,nenhum,nenhum,nenhum,,0,SINEAD,Wednesday,1.0,60.0,60.0,14.142135623730951,50.0,70.0,120.0,2,55.0,50.0
KOOM02,2018-07-29,0,0,nenhum,nenhum,nenhum,nenhum,,0,nenhum,nenhum,,,,,,,0.0,0,,0.0
HENI01,2018-07-25,1,2,JJ,CON,SHCW,JJ,22.0,1,JJ,Saturday,2.5,92.96,82.0,53.386590076535136,50.4,180.0,464.79999999999995,5,60.0,382.8
BOWV01,2018-06-05,0,0,nenhum,nenhum,nenhum,nenhum,,0,JJ,Thursday,1.0,82.0,82.0,,82.0,82.0,82.0,1,54.0,82.0
JIAL01,2018-04-12,0,0,nenhum,nenhum,nenhum,nenhum,,0,nenhum,nenhum,,,,,,,0.0,0,,0.0
PIVS01,2018-04-12,0,0,nenhum,nenhum,nenhum,nenhum,,0,nenhum,nenhum,,,,,,,0.0,0,,0.0
TSUL01,2018-03-16,0,0,nenhum,nenhum,nenhum,nenhum,,0,nenhum,nenhum,,,,,,,0.0,0,,0.0
BYRP01,2018-05-04,0,0,nenhum,nenhum,nenhum,nenhum,,0,BECKY,Friday,1.0,30.0,30.0,,30.0,30.0,30.0,1,21.0,30.0
ROSL01,2018-04-13,0,0,nenhum,nenhum,nenhum,nenhum,,0,nenhum,nenhum,,,,,,,0.0,0,,0.0
STRH01,2018-04-04,1,0,nenhum,nenhum,nenhum,nenhum,,0,JJ,Friday,1.0,82.0,82.0,,82.0,82.0,82.0,1,19.0,82.0
LEEN01,2018-04-14,0,0,nenhum,nenhum,nenhum,nenhum,,0,nenhum,nenhum,,,,,,,0.0,0,,0.0
STOK01,2018-04-14,0,0,nenhum,nenhum,nenhum,nenhum,,0,nenhum,nenhum,,,,,,,0.0,0,,0.0
SHAG01,2018-04-14,0,0,nenhum,nenhum,nenhum,nenhum,,0,nenhum,nenhum,,,,,,,0.0,0,,0.0
BONT01,2018-04-14,0,0,nenhum,nenhum,nenhum,nenhum,,0,nenhum,nenhum,,,,,,,0.0,0,,0.0
BLAR01,2018-07-24,1,0,nenhum,nenhum,nenhum,nenhum,,0,BECKY,Monday,1.0,60.0,60.0,,60.0,60.0,60.0,1,99.0,60.0
STEA01,2018-04-17,0,0,nenhum,nenhum,nenhum,nenhum,,0,nenhum,nenhum,,,,,,,0.0,0,,0.0
HUYK01,2018-04-17,0,0,nenhum,nenhum,nenhum,nenhum,,0,nenhum,nenhum,,,,,,,0.0,0,,0.0
COLC01,2018-04-17,0,0,nenhum,nenhum,nenhum,nenhum,,0,nenhum,nenhum,,,,,,,0.0,0,,0.0
DAVA01,2018-04-18,0,0,nenhum,nenhum,nenhum,nenhum,,0,nenhum,nenhum,,,,,,,0.0,0,,0.0
SORM01,2018-04-18,0,0,nenhum,nenhum,nenhum,nenhum,,0,nenhum,nenhum,,,,,,,0.0,0,,0.0
MILE01,2018-06-02,0,0,nenhum,nenhum,nenhum,nenhum,,0,SINEAD,Wednesday,1.0,70.0,70.0,,70.0,70.0,70.0,1,45.0,70.0
WELL01,2018-04-18,0,0,nenhum,nenhum,nenhum,nenhum,,0,nenhum,nenhum,,,,,,,0.0,0,,0.0
MCGV01,2018-05-04,0,0,nenhum,nenhum,nenhum,nenhum,,0,SINEAD,Thursday,2.0,55.165,55.165,20.979858197804866,40.33,70.0,110.33,2,15.0,110.33
RABH01,2018-04-19,0,0,nenhum,nenhum,nenhum,nenhum,,0,nenhum,nenhum,,,,,,,0.0,0,,0.0
LUL01,2018-06-08,0,0,nenhum,nenhum,nenhum,nenhum,,0,BECKY,Thursday,1.0,60.0,60.0,,60.0,60.0,60.0,1,50.0,60.0
TOHS01,2018-04-19,0,0,nenhum,nenhum,nenhum,nenhum,,0,nenhum,nenhum,,,,,,,0.0,0,,0.0
COAA01,2018-04-19,0,0,nenhum,nenhum,nenhum,nenhum,,0,nenhum,nenhum,,,,,,,0.0,0,,0.0
FOXS01,2018-04-20,0,0,nenhum,nenhum,nenhum,nenhum,,0,nenhum,nenhum,,,,,,,0.0,0,,0.0
SEDD01,2018-04-20,0,0,nenhum,nenhum,nenhum,nenhum,,0,nenhum,nenhum,,,,,,,0.0,0,,0.0
FINW01,2018-06-05,0,0,nenhum,nenhum,nenhum,nenhum,,0,BECKY,Friday,1.0,30.0,30.0,,30.0,30.0,30.0,1,46.0,30.0
HOT01,2018-03-20,0,0,nenhum,nenhum,nenhum,nenhum,,0,nenhum,nenhum,,,,,,,0.0,0,,0.0
KOSI01,2018-06-09,0,0,nenhum,nenhum,nenhum,nenhum,,0,JJ,Friday,2.0,41.0,41.0,57.982756057296896,0.0,82.0,82.0,2,50.0,82.0
WILB01,2018-04-21,0,0,nenhum,nenhum,nenhum,nenhum,,0,nenhum,nenhum,,,,,,,0.0,0,,0.0
MAIK01,2018-03-20,0,0,nenhum,nenhum,nenhum,nenhum,,0,nenhum,nenhum,,,,,,,0.0,0,,0.0
STEI01,2018-04-21,0,0,nenhum,nenhum,nenhum,nenhum,,0,nenhum,nenhum,,,,,,,0.0,0,,0.0
STEM01,2018-04-21,0,0,nenhum,nenhum,nenhum,nenhum,,0,nenhum,nenhum,,,,,,,0.0,0,,0.0
LEIF01,2018-05-19,0,0,nenhum,nenhum,nenhum,nenhum,,0,SINEAD,Saturday,1.0,70.0,70.0,,70.0,70.0,70.0,1,28.0,70.0
BARA01,2018-04-21,0,0,nenhum,nenhum,nenhum,nenhum,,0,nenhum,nenhum,,,,,,,0.0,0,,0.0
YUES01,2018-03-21,0,0,nenhum,nenhum,nenhum,nenhum,,0,nenhum,nenhum,,,,,,,0.0,0,,0.0
ALIR01,2018-04-21,0,0,nenhum,nenhum,nenhum,nenhum,,0,nenhum,nenhum,,,,,,,0.0,0,,0.0
BAIL01,2018-04-22,0,0,nenhum,nenhum,nenhum,nenhum,,0,nenhum,nenhum,,,,,,,0.0,0,,0.0
FRAW01,2018-04-22,0,0,nenhum,nenhum,nenhum,nenhum,,0,nenhum,nenhum,,,,,,,0.0,0,,0.0
KRIJ01,2018-06-09,0,1,JJ,SHCW,nenhum,nenhum,,0,JJ,Wednesday,1.0,82.0,82.0,,82.0,82.0,82.0,1,80.0,82.0
KATM01,2018-07-03,1,0,nenhum,nenhum,CON,JOANNE,2.0,1,JJ,Tuesday,1.0,82.0,82.0,,82.0,82.0,82.0,1,70.0,82.0
BEAL01,2018-04-24,0,0,nenhum,nenhum,nenhum,nenhum,,0,nenhum,nenhum,,,,,,,0.0,0,,0.0
BEAA01,2018-04-24,0,0,nenhum,nenhum,nenhum,nenhum,,0,nenhum,nenhum,,,,,,,0.0,0,,0.0
WRI*01,2018-06-05,0,0,nenhum,nenhum,nenhum,nenhum,,0,SINEAD,Wednesday,1.0,35.0,35.0,,35.0,35.0,35.0,1,41.0,35.0
RUTM01,2018-04-25,0,0,nenhum,nenhum,nenhum,nenhum,,0,nenhum,nenhum,,,,,,,0.0,0,,0.0
YOUS01,2018-05-31,0,0,nenhum,nenhum,nenhum,nenhum,,0,SINEAD,Wednesday,1.0,70.0,70.0,,70.0,70.0,70.0,1,36.0,70.0
ZUGL01,2018-04-25,0,0,nenhum,nenhum,nenhum,nenhum,,0,nenhum,nenhum,,,,,,,0.0,0,,0.0
RODP01,2018-06-02,0,0,nenhum,nenhum,CHLFH,JOANNE,4.5,2,SINEAD,Saturday,1.5,56.19222222222223,50.0,44.23126772368665,20.0,160.0,505.73,9,7.0,80.73
GREM01,2018-04-26,0,0,nenhum,nenhum,nenhum,nenhum,,0,nenhum,nenhum,,,,,,,0.0,0,,0.0
ROLD01,2018-04-25,1,0,nenhum,nenhum,nenhum,nenhum,,0,JJ,Wednesday,1.0,40.0,40.0,,40.0,40.0,40.0,1,35.0,40.0
BUSM01,2018-04-26,0,0,nenhum,nenhum,nenhum,nenhum,,0,nenhum,nenhum,,,,,,,0.0,0,,0.0
CARC01,2018-04-27,1,0,nenhum,nenhum,nenhum,nenhum,,0,JJ,Thursday,1.0,82.0,82.0,,82.0,82.0,82.0,1,1.0,82.0
MOYJ01,2018-04-26,0,0,nenhum,nenhum,nenhum,nenhum,,0,nenhum,nenhum,,,,,,,0.0,0,,0.0
LEWH01,2018-04-27,0,0,nenhum,nenhum,nenhum,nenhum,,0,nenhum,nenhum,,,,,,,0.0,0,,0.0
REIM01,2018-05-31,0,0,nenhum,nenhum,nenhum,nenhum,,0,BECKY,Friday,1.0,30.0,30.0,,30.0,30.0,30.0,1,34.0,30.0
KM01,2018-04-27,0,0,nenhum,nenhum,nenhum,nenhum,,0,nenhum,nenhum,,,,,,,0.0,0,,0.0
ARMG01,2018-04-27,0,0,nenhum,nenhum,nenhum,nenhum,,0,nenhum,nenhum,,,,,,,0.0,0,,0.0
OZIS01,2018-04-27,0,0,nenhum,nenhum,nenhum,nenhum,,0,nenhum,nenhum,,,,,,,0.0,0,,0.0
HARW01,2018-04-27,0,0,nenhum,nenhum,nenhum,nenhum,,0,nenhum,nenhum,,,,,,,0.0,0,,0.0
RANZ01,2018-04-27,0,0,nenhum,nenhum,nenhum,nenhum,,0,nenhum,nenhum,,,,,,,0.0,0,,0.0
MCGA02,2018-04-28,0,0,nenhum,nenhum,nenhum,nenhum,,0,nenhum,nenhum,,,,,,,0.0,0,,0.0
ROGE01,2018-04-28,0,0,nenhum,nenhum,nenhum,nenhum,,0,nenhum,nenhum,,,,,,,0.0,0,,0.0
WHIA01,2018-04-28,0,0,nenhum,nenhum,nenhum,nenhum,,0,nenhum,nenhum,,,,,,,0.0,0,,0.0
WINL01,2018-06-26,0,0,nenhum,nenhum,nenhum,nenhum,,0,SINEAD,Saturday,2.0,53.0,53.0,24.041630560342615,36.0,70.0,106.0,2,59.0,106.0
HOS01,2018-04-28,0,0,nenhum,nenhum,nenhum,nenhum,,0,nenhum,nenhum,,,,,,,0.0,0,,0.0
WAGL01,2018-04-29,0,0,nenhum,nenhum,nenhum,nenhum,,0,nenhum,nenhum,,,,,,,0.0,0,,0.0
ZHIJ01,2018-04-29,0,0,nenhum,nenhum,nenhum,nenhum,,0,nenhum,nenhum,,,,,,,0.0,0,,0.0
FLEB01,2018-05-01,0,0,nenhum,nenhum,nenhum,nenhum,,0,nenhum,nenhum,,,,,,,0.0,0,,0.0
ATKN01,2018-05-02,0,0,nenhum,nenhum,nenhum,nenhum,,0,nenhum,nenhum,,,,,,,0.0,0,,0.0
DENB01,2018-05-02,0,0,nenhum,nenhum,nenhum,nenhum,,0,nenhum,nenhum,,,,,,,0.0,0,,0.0
LEEV01,2018-05-02,0,0,nenhum,nenhum,nenhum,nenhum,,0,nenhum,nenhum,,,,,,,0.0,0,,0.0
LEFN01,2018-05-03,0,0,nenhum,nenhum,nenhum,nenhum,,0,nenhum,nenhum,,,,,,,0.0,0,,0.0
BHAJ01,2018-05-03,0,0,nenhum,nenhum,nenhum,nenhum,,0,nenhum,nenhum,,,,,,,0.0,0,,0.0
OKEM01,2018-05-17,0,0,nenhum,nenhum,nenhum,nenhum,,0,JJ,Thursday,1.0,82.0,82.0,,82.0,82.0,82.0,1,56.0,82.0
COLE01,2018-06-06,0,0,nenhum,nenhum,nenhum,nenhum,,0,JJ,Friday,1.0,40.0,40.0,,40.0,40.0,40.0,1,33.0,40.0
COLB01,2018-06-07,1,0,nenhum,nenhum,nenhum,nenhum,,0,JJ,Friday,1.0,50.0,50.0,14.142135623730951,40.0,60.0,100.0,2,1.0,60.0
ALIR02,2018-05-04,0,0,nenhum,nenhum,nenhum,nenhum,,0,nenhum,nenhum,,,,,,,0.0,0,,0.0
RICC01,2018-05-04,0,0,nenhum,nenhum,nenhum,nenhum,,0,nenhum,nenhum,,,,,,,0.0,0,,0.0
BENS01,2018-05-04,0,0,nenhum,nenhum,nenhum,nenhum,,0,nenhum,nenhum,,,,,,,0.0,0,,0.0
MICK01,2018-05-04,0,0,nenhum,nenhum,nenhum,nenhum,,0,nenhum,nenhum,,,,,,,0.0,0,,0.0
SCOJ01,2018-05-05,0,0,nenhum,nenhum,nenhum,nenhum,,0,nenhum,nenhum,,,,,,,0.0,0,,0.0
LAMC01,2018-05-05,0,0,nenhum,nenhum,nenhum,nenhum,,0,nenhum,nenhum,,,,,,,0.0,0,,0.0
ODOA01,2018-05-05,0,0,nenhum,nenhum,nenhum,nenhum,,0,nenhum,nenhum,,,,,,,0.0,0,,0.0
SHIL01,2018-05-05,0,0,nenhum,nenhum,nenhum,nenhum,,0,nenhum,nenhum,,,,,,,0.0,0,,0.0
BENL01,2018-06-02,0,0,nenhum,nenhum,nenhum,nenhum,,0,JJ,Saturday,2.0,141.0,141.0,69.29646455628166,92.0,190.0,282.0,2,28.0,282.0
HESM01,2018-05-05,0,0,nenhum,nenhum,nenhum,nenhum,,0,nenhum,nenhum,,,,,,,0.0,0,,0.0
STEL01,2018-07-17,1,0,nenhum,nenhum,nenhum,nenhum,,0,JJ,Friday,1.0,82.0,82.0,,82.0,82.0,82.0,1,116.0,82.0
JONK01,2018-05-06,0,0,nenhum,nenhum,nenhum,nenhum,,0,nenhum,nenhum,,,,,,,0.0,0,,0.0
DAV*01,2018-05-22,0,0,nenhum,nenhum,nenhum,nenhum,,0,JJ,Friday,1.0,82.0,82.0,,82.0,82.0,82.0,1,60.0,82.0
JUDJ01,2018-05-08,0,0,nenhum,nenhum,nenhum,nenhum,,0,nenhum,nenhum,,,,,,,0.0,0,,0.0
ALZR01,2018-05-08,0,0,nenhum,nenhum,nenhum,nenhum,,0,nenhum,nenhum,,,,,,,0.0,0,,0.0
TAYJ01,2018-05-08,0,0,nenhum,nenhum,nenhum,nenhum,,0,nenhum,nenhum,,,,,,,0.0,0,,0.0
MCPL01,2018-05-08,0,0,nenhum,nenhum,nenhum,nenhum,,0,nenhum,nenhum,,,,,,,0.0,0,,0.0
ANDN01,2018-05-09,0,0,nenhum,nenhum,nenhum,nenhum,,0,nenhum,nenhum,,,,,,,0.0,0,,0.0
CABL01,2018-05-09,0,0,nenhum,nenhum,nenhum,nenhum,,0,nenhum,nenhum,,,,,,,0.0,0,,0.0
RUPN01,2018-05-09,0,0,nenhum,nenhum,nenhum,nenhum,,0,nenhum,nenhum,,,,,,,0.0,0,,0.0
MCLE01,2018-05-09,0,0,nenhum,nenhum,nenhum,nenhum,,0,nenhum,nenhum,,,,,,,0.0,0,,0.0
SOLR01,2018-05-10,0,0,nenhum,nenhum,nenhum,nenhum,,0,nenhum,nenhum,,,,,,,0.0,0,,0.0
DINJ01,2018-05-10,0,0,nenhum,nenhum,nenhum,nenhum,,0,nenhum,nenhum,,,,,,,0.0,0,,0.0
MONE01,2018-05-10,0,0,nenhum,nenhum,nenhum,nenhum,,0,nenhum,nenhum,,,,,,,0.0,0,,0.0
NORB01,2018-05-10,0,0,nenhum,nenhum,nenhum,nenhum,,0,nenhum,nenhum,,,,,,,0.0,0,,0.0
NORL01,2018-05-10,0,0,nenhum,nenhum,nenhum,nenhum,,0,nenhum,nenhum,,,,,,,0.0,0,,0.0
SHAP01,2018-05-10,0,0,nenhum,nenhum,nenhum,nenhum,,0,nenhum,nenhum,,,,,,,0.0,0,,0.0
STEP01,2018-05-10,0,0,nenhum,nenhum,nenhum,nenhum,,0,nenhum,nenhum,,,,,,,0.0,0,,0.0
HOLS01,2018-05-10,0,0,nenhum,nenhum,nenhum,nenhum,,0,nenhum,nenhum,,,,,,,0.0,0,,0.0
TAYR01,2018-06-15,1,0,nenhum,nenhum,nenhum,nenhum,,0,JJ,Thursday,1.0,40.0,40.0,,40.0,40.0,40.0,1,36.0,40.0
TAYT01,2018-05-10,0,0,nenhum,nenhum,nenhum,nenhum,,0,nenhum,nenhum,,,,,,,0.0,0,,0.0
REIC01,2018-05-10,0,0,nenhum,nenhum,nenhum,nenhum,,0,nenhum,nenhum,,,,,,,0.0,0,,0.0
ROSD01,2018-05-10,0,0,nenhum,nenhum,nenhum,nenhum,,0,nenhum,nenhum,,,,,,,0.0,0,,0.0
GRAA01,2018-05-11,0,0,nenhum,nenhum,nenhum,nenhum,,0,nenhum,nenhum,,,,,,,0.0,0,,0.0
REDM01,2018-06-23,0,0,nenhum,nenhum,nenhum,nenhum,,0,JJ,Friday,1.0,61.333333333333336,82.0,54.04936015655813,0.0,102.0,184.0,3,18.0,102.0
KHAN01,2018-05-11,0,0,nenhum,nenhum,nenhum,nenhum,,0,nenhum,nenhum,,,,,,,0.0,0,,0.0
CHA*01,2018-05-11,0,0,nenhum,nenhum,nenhum,nenhum,,0,nenhum,nenhum,,,,,,,0.0,0,,0.0
WARK01,2018-05-11,0,0,nenhum,nenhum,nenhum,nenhum,,0,nenhum,nenhum,,,,,,,0.0,0,,0.0
PEEL01,2018-05-12,0,0,nenhum,nenhum,nenhum,nenhum,,0,nenhum,nenhum,,,,,,,0.0,0,,0.0
TYRK01,2018-05-12,0,0,nenhum,nenhum,nenhum,nenhum,,0,nenhum,nenhum,,,,,,,0.0,0,,0.0
DESA01,2018-03-27,0,0,nenhum,nenhum,nenhum,nenhum,,0,nenhum,nenhum,,,,,,,0.0,0,,0.0
TAYJ02,2018-05-12,0,0,nenhum,nenhum,nenhum,nenhum,,0,nenhum,nenhum,,,,,,,0.0,0,,0.0
TINT02,2018-05-12,0,0,nenhum,nenhum,nenhum,nenhum,,0,nenhum,nenhum,,,,,,,0.0,0,,0.0
HOP01,2018-03-28,0,0,nenhum,nenhum,nenhum,nenhum,,0,nenhum,nenhum,,,,,,,0.0,0,,0.0
MOLC01,2018-05-15,0,0,nenhum,nenhum,nenhum,nenhum,,0,nenhum,nenhum,,,,,,,0.0,0,,0.0
MONL01,2018-05-15,0,0,nenhum,nenhum,nenhum,nenhum,,0,nenhum,nenhum,,,,,,,0.0,0,,0.0
BREF01,2018-05-15,0,0,nenhum,nenhum,SHCM,JJ,2.0,1,nenhum,nenhum,,,,,,,0.0,0,,0.0
ROSM01,2018-05-15,0,0,nenhum,nenhum,nenhum,nenhum,,0,nenhum,nenhum,,,,,,,0.0,0,,0.0
ARAI01,2018-05-15,0,0,nenhum,nenhum,nenhum,nenhum,,0,nenhum,nenhum,,,,,,,0.0,0,,0.0
LUCL01,2018-05-15,0,0,nenhum,nenhum,nenhum,nenhum,,0,nenhum,nenhum,,,,,,,0.0,0,,0.0
CURK01,2018-05-16,0,0,nenhum,nenhum,nenhum,nenhum,,0,nenhum,nenhum,,,,,,,0.0,0,,0.0
MACT01,2018-05-16,0,0,nenhum,nenhum,nenhum,nenhum,,0,nenhum,nenhum,,,,,,,0.0,0,,0.0
STOS01,2018-05-17,0,0,nenhum,nenhum,nenhum,nenhum,,0,nenhum,nenhum,,,,,,,0.0,0,,0.0
CHUA01,2018-05-17,0,0,nenhum,nenhum,nenhum,nenhum,,0,nenhum,nenhum,,,,,,,0.0,0,,0.0
LOCS01,2018-05-17,0,0,nenhum,nenhum,nenhum,nenhum,,0,nenhum,nenhum,,,,,,,0.0,0,,0.0
BUEM01,2018-05-17,0,0,nenhum,nenhum,nenhum,nenhum,,0,nenhum,nenhum,,,,,,,0.0,0,,0.0
FLEC01,2018-03-29,0,0,nenhum,nenhum,nenhum,nenhum,,0,nenhum,nenhum,,,,,,,0.0,0,,0.0
SAMJ01,2018-05-18,0,0,nenhum,nenhum,nenhum,nenhum,,0,nenhum,nenhum,,,,,,,0.0,0,,0.0
CHUC01,2018-03-30,0,0,nenhum,nenhum,nenhum,nenhum,,0,nenhum,nenhum,,,,,,,0.0,0,,0.0
NICS01,2018-05-18,0,0,nenhum,nenhum,nenhum,nenhum,,0,nenhum,nenhum,,,,,,,0.0,0,,0.0
CORS02,2018-05-31,0,0,nenhum,nenhum,nenhum,nenhum,,0,BECKY,Friday,1.0,60.0,60.0,,60.0,60.0,60.0,1,13.0,60.0
PRIM01,2018-03-30,0,0,nenhum,nenhum,nenhum,nenhum,,0,nenhum,nenhum,,,,,,,0.0,0,,0.0
MESK01,2018-05-18,0,0,nenhum,nenhum,nenhum,nenhum,,0,nenhum,nenhum,,,,,,,0.0,0,,0.0
MCKS01,2018-05-19,0,0,nenhum,nenhum,nenhum,nenhum,,0,nenhum,nenhum,,,,,,,0.0,0,,0.0
IORC01,2018-05-19,0,0,nenhum,nenhum,nenhum,nenhum,,0,nenhum,nenhum,,,,,,,0.0,0,,0.0
JONW01,2018-05-19,0,0,nenhum,nenhum,nenhum,nenhum,,0,nenhum,nenhum,,,,,,,0.0,0,,0.0
HASS01,2018-05-19,0,0,nenhum,nenhum,nenhum,nenhum,,0,nenhum,nenhum,,,,,,,0.0,0,,0.0
OGOE01,2018-05-19,0,0,nenhum,nenhum,nenhum,nenhum,,0,nenhum,nenhum,,,,,,,0.0,0,,0.0
RONM01,2018-05-19,0,0,nenhum,nenhum,nenhum,nenhum,,0,nenhum,nenhum,,,,,,,0.0,0,,0.0
DANJ01,2018-05-19,0,0,nenhum,nenhum,nenhum,nenhum,,0,SINEAD,Tuesday,1.0,30.0,30.0,,30.0,30.0,30.0,1,46.0,30.0
MCGM01,2018-05-19,0,0,nenhum,nenhum,nenhum,nenhum,,0,nenhum,nenhum,,,,,,,0.0,0,,0.0
BARE01,2018-05-19,0,0,nenhum,nenhum,nenhum,nenhum,,0,nenhum,nenhum,,,,,,,0.0,0,,0.0
RIZB01,2018-05-19,0,0,nenhum,nenhum,nenhum,nenhum,,0,nenhum,nenhum,,,,,,,0.0,0,,0.0
DANG01,2018-05-19,0,0,nenhum,nenhum,nenhum,nenhum,,0,nenhum,nenhum,,,,,,,0.0,0,,0.0
LURM01,2018-05-19,0,0,nenhum,nenhum,nenhum,nenhum,,0,nenhum,nenhum,,,,,,,0.0,0,,0.0
MOGS01,2018-05-22,0,0,nenhum,nenhum,nenhum,nenhum,,0,nenhum,nenhum,,,,,,,0.0,0,,0.0
ANDJ01,2018-05-22,0,0,nenhum,nenhum,nenhum,nenhum,,0,nenhum,nenhum,,,,,,,0.0,0,,0.0
ERVA01,2018-05-22,0,0,nenhum,nenhum,nenhum,nenhum,,0,nenhum,nenhum,,,,,,,0.0,0,,0.0
DRAR01,2018-05-22,0,0,nenhum,nenhum,nenhum,nenhum,,0,nenhum,nenhum,,,,,,,0.0,0,,0.0
SHAI01,2018-05-22,0,0,nenhum,nenhum,nenhum,nenhum,,0,nenhum,nenhum,,,,,,,0.0,0,,0.0
RIVA01,2018-05-22,0,0,nenhum,nenhum,nenhum,nenhum,,0,nenhum,nenhum,,,,,,,0.0,0,,0.0
SAVC01,2018-05-23,0,0,nenhum,nenhum,nenhum,nenhum,,0,nenhum,nenhum,,,,,,,0.0,0,,0.0
KOSA01,2018-05-23,0,0,nenhum,nenhum,nenhum,nenhum,,0,nenhum,nenhum,,,,,,,0.0,0,,0.0
.L01,2018-06-27,0,0,nenhum,nenhum,nenhum,nenhum,,0,JJ,Wednesday,2.0,131.0,131.0,55.154328932550705,92.0,170.0,262.0,2,35.0,262.0
DRAA01,2018-05-23,0,0,nenhum,nenhum,nenhum,nenhum,,0,nenhum,nenhum,,,,,,,0.0,0,,0.0
CLEE01,2018-05-23,0,0,nenhum,nenhum,nenhum,nenhum,,0,nenhum,nenhum,,,,,,,0.0,0,,0.0
VELA01,2018-07-04,1,0,nenhum,nenhum,nenhum,nenhum,,0,JJ,Wednesday,1.0,82.0,82.0,,82.0,82.0,82.0,1,42.0,82.0
SHEK01,2018-05-23,0,0,nenhum,nenhum,nenhum,nenhum,,0,nenhum,nenhum,,,,,,,0.0,0,,0.0
WALS01,2018-05-23,0,0,nenhum,nenhum,nenhum,nenhum,,0,nenhum,nenhum,,,,,,,0.0,0,,0.0
HOAB01,2018-05-24,0,0,nenhum,nenhum,nenhum,nenhum,,0,nenhum,nenhum,,,,,,,0.0,0,,0.0
MAPJ01,2018-05-24,0,0,nenhum,nenhum,nenhum,nenhum,,0,nenhum,nenhum,,,,,,,0.0,0,,0.0
THOJ01,2018-05-24,0,0,nenhum,nenhum,nenhum,nenhum,,0,nenhum,nenhum,,,,,,,0.0,0,,0.0
AVPR01,2018-05-24,0,0,nenhum,nenhum,nenhum,nenhum,,0,nenhum,nenhum,,,,,,,0.0,0,,0.0
IADA01,2018-05-25,0,0,nenhum,nenhum,nenhum,nenhum,,0,nenhum,nenhum,,,,,,,0.0,0,,0.0
DORR01,2018-05-25,0,0,nenhum,nenhum,nenhum,nenhum,,0,nenhum,nenhum,,,,,,,0.0,0,,0.0
MER*01,2018-05-25,0,0,nenhum,nenhum,nenhum,nenhum,,0,nenhum,nenhum,,,,,,,0.0,0,,0.0
KASJ01,2018-05-25,0,0,nenhum,nenhum,nenhum,nenhum,,0,nenhum,nenhum,,,,,,,0.0,0,,0.0
HIGA01,2018-05-25,0,0,nenhum,nenhum,nenhum,nenhum,,0,nenhum,nenhum,,,,,,,0.0,0,,0.0
WEIS01,2018-05-25,0,0,nenhum,nenhum,nenhum,nenhum,,0,nenhum,nenhum,,,,,,,0.0,0,,0.0
COWS01,2018-05-31,0,0,nenhum,nenhum,nenhum,nenhum,,0,BECKY,Friday,1.0,60.0,60.0,,60.0,60.0,60.0,1,6.0,60.0
FLAC01,2018-05-26,0,0,nenhum,nenhum,nenhum,nenhum,,0,nenhum,nenhum,,,,,,,0.0,0,,0.0
WILT01,2018-05-26,0,0,nenhum,nenhum,nenhum,nenhum,,0,nenhum,nenhum,,,,,,,0.0,0,,0.0
LANI01,2018-05-26,0,0,nenhum,nenhum,nenhum,nenhum,,0,nenhum,nenhum,,,,,,,0.0,0,,0.0
PATB01,2018-05-26,0,0,nenhum,nenhum,nenhum,nenhum,,0,nenhum,nenhum,,,,,,,0.0,0,,0.0
RETM01,2018-05-26,0,0,nenhum,nenhum,nenhum,nenhum,,0,nenhum,nenhum,,,,,,,0.0,0,,0.0
SASM01,2018-06-02,1,0,nenhum,nenhum,nenhum,nenhum,,0,KELLY,Saturday,3.0,42.483333333333334,45.0,13.946355557396826,27.45,55.0,127.45,3,7.0,127.45
MAUA01,2018-05-26,0,0,nenhum,nenhum,nenhum,nenhum,,0,nenhum,nenhum,,,,,,,0.0,0,,0.0
DHAL01,2018-05-29,0,0,nenhum,nenhum,nenhum,nenhum,,0,nenhum,nenhum,,,,,,,0.0,0,,0.0
WALC01,2018-05-29,0,0,nenhum,nenhum,nenhum,nenhum,,0,nenhum,nenhum,,,,,,,0.0,0,,0.0
KEN*01,2018-05-29,0,0,nenhum,nenhum,nenhum,nenhum,,0,SINEAD,Wednesday,2.0,54.155,54.155,22.40821389580169,38.31,70.0,108.31,2,55.0,108.31
LEB01,2018-05-29,0,0,nenhum,nenhum,nenhum,nenhum,,0,nenhum,nenhum,,,,,,,0.0,0,,0.0
MULN01,2018-06-05,0,0,nenhum,nenhum,nenhum,nenhum,,0,JJ,Tuesday,4.0,42.65,44.099999999999994,9.256889326334196,32.0,50.4,170.6,4,7.0,170.6
STEJ01,2018-05-29,0,0,nenhum,nenhum,nenhum,nenhum,,0,nenhum,nenhum,,,,,,,0.0,0,,0.0
AYKS01,2018-05-29,0,0,nenhum,nenhum,nenhum,nenhum,,0,nenhum,nenhum,,,,,,,0.0,0,,0.0
VANJ01,2018-05-29,0,0,nenhum,nenhum,nenhum,nenhum,,0,nenhum,nenhum,,,,,,,0.0,0,,0.0
BUFJ01,2018-05-29,0,0,nenhum,nenhum,nenhum,nenhum,,0,nenhum,nenhum,,,,,,,0.0,0,,0.0
BUFW01,2018-05-29,0,0,nenhum,nenhum,nenhum,nenhum,,0,nenhum,nenhum,,,,,,,0.0,0,,0.0
PUGS01,2018-06-01,0,1,JJ,CON,nenhum,nenhum,,0,JJ,Tuesday,2.0,111.0,111.0,26.870057685088806,92.0,130.0,222.0,2,3.0,222.0
HILD01,2018-05-31,0,0,nenhum,nenhum,nenhum,nenhum,,0,JOANNE,Tuesday,2.0,92.5,92.5,123.74368670764582,5.0,180.0,185.0,2,2.0,185.0
THOA01,2018-05-29,0,0,nenhum,nenhum,nenhum,nenhum,,0,nenhum,nenhum,,,,,,,0.0,0,,0.0
DODK01,2018-05-29,0,1,SINEAD,CON,nenhum,nenhum,,0,nenhum,nenhum,,,,,,,0.0,0,,0.0
ANDM01,2018-05-29,0,0,nenhum,nenhum,nenhum,nenhum,,0,nenhum,nenhum,,,,,,,0.0,0,,0.0
BALJ01,2018-05-30,0,0,nenhum,nenhum,nenhum,nenhum,,0,SINEAD,Wednesday,1.0,70.0,70.0,,70.0,70.0,70.0,1,56.0,70.0
HOUC01,2018-05-30,0,0,nenhum,nenhum,nenhum,nenhum,,0,nenhum,nenhum,,,,,,,0.0,0,,0.0
DEK01,2018-05-30,0,0,nenhum,nenhum,nenhum,nenhum,,0,nenhum,nenhum,,,,,,,0.0,0,,0.0
MOHR01,2018-05-30,0,0,nenhum,nenhum,nenhum,nenhum,,0,nenhum,nenhum,,,,,,,0.0,0,,0.0
FREJ01,2018-05-30,0,0,nenhum,nenhum,nenhum,nenhum,,0,nenhum,nenhum,,,,,,,0.0,0,,0.0
CHUH01,2018-05-30,0,0,nenhum,nenhum,nenhum,nenhum,,0,nenhum,nenhum,,,,,,,0.0,0,,0.0
WILS01,2018-05-31,0,0,nenhum,nenhum,nenhum,nenhum,,0,nenhum,nenhum,,,,,,,0.0,0,,0.0
LEEJ01,2018-05-31,0,0,nenhum,nenhum,nenhum,nenhum,,0,nenhum,nenhum,,,,,,,0.0,0,,0.0
STED01,2018-05-31,0,0,nenhum,nenhum,nenhum,nenhum,,0,nenhum,nenhum,,,,,,,0.0,0,,0.0
MACK01,2018-05-31,0,0,nenhum,nenhum,nenhum,nenhum,,0,nenhum,nenhum,,,,,,,0.0,0,,0.0
HOLG01,2018-05-31,0,0,nenhum,nenhum,nenhum,nenhum,,0,nenhum,nenhum,,,,,,,0.0,0,,0.0
OGRS01,2018-05-31,0,0,nenhum,nenhum,nenhum,nenhum,,0,nenhum,nenhum,,,,,,,0.0,0,,0.0
PAUB01,2018-05-31,0,0,nenhum,nenhum,nenhum,nenhum,,0,nenhum,nenhum,,,,,,,0.0,0,,0.0
FZUA01,2018-06-01,0,0,nenhum,nenhum,nenhum,nenhum,,0,nenhum,nenhum,,,,,,,0.0,0,,0.0
PAIK01,2018-06-01,0,0,nenhum,nenhum,nenhum,nenhum,,0,nenhum,nenhum,,,,,,,0.0,0,,0.0
HOFA01,2018-06-02,0,0,nenhum,nenhum,nenhum,nenhum,,0,nenhum,nenhum,,,,,,,0.0,0,,0.0
PURD01,2018-06-02,0,0,nenhum,nenhum,nenhum,nenhum,,0,nenhum,nenhum,,,,,,,0.0,0,,0.0
METJ01,2018-06-02,0,0,nenhum,nenhum,nenhum,nenhum,,0,nenhum,nenhum,,,,,,,0.0,0,,0.0
PEDM02,2018-06-02,0,0,nenhum,nenhum,nenhum,nenhum,,0,nenhum,nenhum,,,,,,,0.0,0,,0.0
PHIC01,2018-06-02,0,1,SINEAD,SHCW,nenhum,nenhum,,0,nenhum,nenhum,,,,,,,0.0,0,,0.0
ABLD01,2018-06-02,0,0,nenhum,nenhum,nenhum,nenhum,,0,nenhum,nenhum,,,,,,,0.0,0,,0.0
BURK01,2018-06-02,0,0,nenhum,nenhum,nenhum,nenhum,,0,nenhum,nenhum,,,,,,,0.0,0,,0.0
VARL01,2018-06-02,0,0,nenhum,nenhum,nenhum,nenhum,,0,nenhum,nenhum,,,,,,,0.0,0,,0.0
FERK01,2018-06-02,0,0,nenhum,nenhum,nenhum,nenhum,,0,nenhum,nenhum,,,,,,,0.0,0,,0.0
MAF*01,2018-06-02,0,0,nenhum,nenhum,nenhum,nenhum,,0,nenhum,nenhum,,,,,,,0.0,0,,0.0
DHAS01,2018-06-02,0,0,nenhum,nenhum,nenhum,nenhum,,0,nenhum,nenhum,,,,,,,0.0,0,,0.0
CZES01,2018-06-03,0,0,nenhum,nenhum,nenhum,nenhum,,0,nenhum,nenhum,,,,,,,0.0,0,,0.0
MICM01,2018-06-03,0,0,nenhum,nenhum,nenhum,nenhum,,0,nenhum,nenhum,,,,,,,0.0,0,,0.0
INGS01,2018-07-27,1,0,nenhum,nenhum,nenhum,nenhum,,0,BECKY,Sunday,1.0,60.0,60.0,,60.0,60.0,60.0,1,54.0,60.0
COMJ01,2018-06-03,0,0,nenhum,nenhum,nenhum,nenhum,,0,nenhum,nenhum,,,,,,,0.0,0,,0.0
AITS01,2018-06-05,0,0,nenhum,nenhum,nenhum,nenhum,,0,nenhum,nenhum,,,,,,,0.0,0,,0.0
GORM01,2018-06-05,0,0,nenhum,nenhum,nenhum,nenhum,,0,nenhum,nenhum,,,,,,,0.0,0,,0.0
FEDS01,2018-06-06,0,0,nenhum,nenhum,nenhum,nenhum,,0,nenhum,nenhum,,,,,,,0.0,0,,0.0
ANDE01,2018-06-06,0,0,nenhum,nenhum,nenhum,nenhum,,0,nenhum,nenhum,,,,,,,0.0,0,,0.0
CHRJ01,2018-06-06,0,0,nenhum,nenhum,nenhum,nenhum,,0,nenhum,nenhum,,,,,,,0.0,0,,0.0
WEES01,2018-06-28,1,0,nenhum,nenhum,nenhum,nenhum,,0,JJ,Wednesday,1.0,40.0,40.0,,40.0,40.0,40.0,1,22.0,40.0
NGUJ01,2018-06-06,0,0,nenhum,nenhum,nenhum,nenhum,,0,nenhum,nenhum,,,,,,,0.0,0,,0.0
AMAK01,2018-06-06,0,0,nenhum,nenhum,nenhum,nenhum,,0,nenhum,nenhum,,,,,,,0.0,0,,0.0
LEEK01,2018-06-06,0,0,nenhum,nenhum,nenhum,nenhum,,0,nenhum,nenhum,,,,,,,0.0,0,,0.0
BIZK01,2018-06-07,0,0,nenhum,nenhum,nenhum,nenhum,,0,nenhum,nenhum,,,,,,,0.0,0,,0.0
WINJ01,2018-06-07,0,0,nenhum,nenhum,nenhum,nenhum,,0,nenhum,nenhum,,,,,,,0.0,0,,0.0
CLUS01,2018-06-07,0,0,nenhum,nenhum,nenhum,nenhum,,0,nenhum,nenhum,,,,,,,0.0,0,,0.0
SWAM01,2018-06-07,0,0,nenhum,nenhum,nenhum,nenhum,,0,nenhum,nenhum,,,,,,,0.0,0,,0.0
MALJ01,2018-06-08,0,0,nenhum,nenhum,nenhum,nenhum,,0,nenhum,nenhum,,,,,,,0.0,0,,0.0
DANJ02,2018-04-05,0,0,nenhum,nenhum,nenhum,nenhum,,0,nenhum,nenhum,,,,,,,0.0,0,,0.0
STOK02,2018-06-08,0,0,nenhum,nenhum,nenhum,nenhum,,0,nenhum,nenhum,,,,,,,0.0,0,,0.0
NGC01,2018-06-08,0,0,nenhum,nenhum,nenhum,nenhum,,0,nenhum,nenhum,,,,,,,0.0,0,,0.0
MERN01,2018-06-15,0,0,nenhum,nenhum,nenhum,nenhum,,0,KELLY,Friday,1.0,55.0,55.0,,55.0,55.0,55.0,1,7.0,55.0
CALC01,2018-06-08,0,0,nenhum,nenhum,nenhum,nenhum,,0,nenhum,nenhum,,,,,,,0.0,0,,0.0
YANJ01,2018-06-09,0,0,nenhum,nenhum,SHCW,KELLY,0.0,1,nenhum,nenhum,,,,,,,0.0,0,,0.0
GOOA01,2018-07-28,1,0,nenhum,nenhum,nenhum,nenhum,,0,nenhum,nenhum,,,,,,,0.0,0,,0.0
TAA01,2018-06-14,1,0,nenhum,nenhum,nenhum,nenhum,,0,nenhum,nenhum,,,,,,,0.0,0,,0.0
LIAA01,2018-07-19,1,0,nenhum,nenhum,nenhum,nenhum,,0,nenhum,nenhum,,,,,,,0.0,0,,0.0
DONB01,2018-06-05,0,0,nenhum,nenhum,CBAL,JOANNE,1.3333333333333333,6,nenhum,nenhum,,,,,,,0.0,0,,0.0
ELCB01,2018-07-10,1,0,nenhum,nenhum,nenhum,nenhum,,0,nenhum,nenhum,,,,,,,0.0,0,,0.0
BHAB01,2018-05-17,0,0,nenhum,nenhum,nenhum,nenhum,,0,nenhum,nenhum,,,,,,,0.0,0,,0.0
OZDC02,2018-07-19,1,1,JOANNE,CON,nenhum,nenhum,,0,nenhum,nenhum,,,,,,,0.0,0,,0.0
MEIC01,2018-06-28,1,0,nenhum,nenhum,nenhum,nenhum,,0,nenhum,nenhum,,,,,,,0.0,0,,0.0
GAD*01,2018-06-29,1,0,nenhum,nenhum,nenhum,nenhum,,0,nenhum,nenhum,,,,,,,0.0,0,,0.0
CHOC01,2018-04-13,1,0,nenhum,nenhum,nenhum,nenhum,,0,nenhum,nenhum,,,,,,,0.0,0,,0.0
CHAD01,2018-06-09,0,0,nenhum,nenhum,nenhum,nenhum,,0,nenhum,nenhum,,,,,,,0.0,0,,0.0
PET*01,2018-07-14,0,0,nenhum,nenhum,SHCW,JJ,0.0,1,nenhum,nenhum,,,,,,,0.0,0,,0.0
MENE01,2018-05-23,1,0,nenhum,nenhum,nenhum,nenhum,,0,nenhum,nenhum,,,,,,,0.0,0,,0.0
BISJ01,2018-04-28,1,0,nenhum,nenhum,nenhum,nenhum,,0,nenhum,nenhum,,,,,,,0.0,0,,0.0
LEEJ02,2018-07-24,0,0,nenhum,nenhum,nenhum,nenhum,,0,nenhum,nenhum,,,,,,,0.0,0,,0.0
HENK01,2018-07-31,0,0,nenhum,nenhum,CHLPL,JOANNE,0.0,1,nenhum,nenhum,,,,,,,0.0,0,,0.0
SHAL01,2018-05-22,0,0,nenhum,nenhum,nenhum,nenhum,,0,nenhum,nenhum,,,,,,,0.0,0,,0.0
LEGL01,2018-04-28,1,0,nenhum,nenhum,nenhum,nenhum,,0,nenhum,nenhum,,,,,,,0.0,0,,0.0
AURM01,2018-06-23,1,0,nenhum,nenhum,nenhum,nenhum,,0,nenhum,nenhum,,,,,,,0.0,0,,0.0
ATMM01,2018-07-26,1,0,nenhum,nenhum,nenhum,nenhum,,0,nenhum,nenhum,,,,,,,0.0,0,,0.0
JAYM01,2018-06-02,0,0,nenhum,nenhum,nenhum,nenhum,,0,nenhum,nenhum,,,,,,,0.0,0,,0.0
MEYN01,2018-07-27,1,0,nenhum,nenhum,nenhum,nenhum,,0,nenhum,nenhum,,,,,,,0.0,0,,0.0
TN01,2018-07-19,1,0,nenhum,nenhum,nenhum,nenhum,,0,nenhum,nenhum,,,,,,,0.0,0,,0.0
JENP01,2018-07-04,1,0,nenhum,nenhum,SHCC,KELLY,1.0,1,nenhum,nenhum,,,,,,,0.0,0,,0.0
MARR02,2018-06-09,1,0,nenhum,nenhum,nenhum,nenhum,,0,nenhum,nenhum,,,,,,,0.0,0,,0.0
KIRR01,2018-06-19,1,1,BECKY,SHCM,SHCM,BECKY,0.0,3,nenhum,nenhum,,,,,,,0.0,0,,0.0
CARS01,2018-05-25,1,0,nenhum,nenhum,nenhum,nenhum,,0,nenhum,nenhum,,,,,,,0.0,0,,0.0
SHMS01,2018-07-13,1,0,nenhum,nenhum,nenhum,nenhum,,0,nenhum,nenhum,,,,,,,0.0,0,,0.0
COLS01,2018-04-22,1,0,nenhum,nenhum,nenhum,nenhum,,0,nenhum,nenhum,,,,,,,0.0,0,,0.0
ROUT01,2018-06-17,1,0,nenhum,nenhum,SBD,JJ,0.0,1,nenhum,nenhum,,,,,,,0.0,0,,0.0
MIRY01,2018-05-19,1,0,nenhum,nenhum,nenhum,nenhum,,0,nenhum,nenhum,,,,,,,0.0,0,,0.0
