Code,Staff,Service,Date,TimeInt,turno
JUNJ01,JJ,CON,2018-03-14,950,tarde
NORJ01,JJ,SHCM,2018-03-14,960,tarde
CORS01,JJ,SHCW,2018-03-15,850,tarde
KERT01,JJ,SHCW,2018-03-15,600,manha
LEHJ01,JJ,SHCM,2018-03-15,1080,noite
SCHJ01,JJ,SHCM,2018-03-15,720,tarde
SCHJ01,JJ,CCAMO,2018-03-15,770,tarde
SCHJ02,JJ,SHCM,2018-03-15,920,tarde
THOD01,JJ,SHCM,2018-03-15,790,tarde
CHEW01,JJ,SHCW,2018-03-16,600,manha
PARC01,JJ,SHCW,2018-03-16,660,manha
SLEA01,JJ,SHCM,2018-03-16,720,tarde
STEH01,JJ,SHCM,2018-03-16,780,tarde
STRH01,JJ,SHCW,2018-03-16,1060,tarde
TSUL01,JJ,SHCW,2018-03-16,990,tarde
ERWS01,JJ,SHCW,2018-03-20,690,manha
HOT01,JJ,SHCW,2018-03-20,870,tarde
HUDS01,JJ,SHCW,2018-03-20,630,manha
MAIK01,JJ,SHCW,2018-03-20,1010,tarde
NGUS01,JJ,SHCW,2018-03-20,570,manha
BERI01,JJ,SHCM,2018-03-21,660,manha
CASH01,JJ,SHCW,2018-03-21,920,tarde
KRIJ01,JJ,SHCW,2018-03-21,600,manha
POTR01,JJ,SHCM,2018-03-21,990,tarde
ROLD01,JJ,SHCM,2018-03-21,770,tarde
YUES01,JJ,SHCW,2018-03-21,540,manha
GALB01,JJ,SHCM,2018-03-22,1050,tarde
GOSD01,JJ,SHCW,2018-03-22,790,tarde
HYSA01,JJ,SHCM,2018-03-22,660,manha
OKEM01,JJ,SHCW,2018-03-22,860,tarde
TAYD01,JJ,SHCW,2018-03-22,720,tarde
DAV*01,JJ,SHCW,2018-03-23,1040,tarde
DUFD01,JJ,CON,2018-03-23,640,manha
MOOH01,JJ,SHCW,2018-03-23,840,tarde
MUMK01,JJ,SHCW,2018-03-23,910,tarde
STEL01,JJ,SHCW,2018-03-23,970,tarde
TAYE01,JJ,SHCM,2018-03-23,790,tarde
WARG01,JJ,SHCW,2018-03-23,660,manha
APTM01,JJ,SHCM,2018-03-24,660,manha
HIMJ01,JJ,CON,2018-03-24,720,tarde
BRES01,JJ,SHCW,2018-03-27,760,tarde
BUSC01,JJ,SHCW,2018-03-27,990,tarde
DESA01,JJ,SHCW,2018-03-27,1080,noite
FELH01,JJ,SHCW,2018-03-27,630,manha
MINA01,JJ,SHCW,2018-03-27,690,manha
CAND01,JJ,SHCM,2018-03-28,1080,noite
CAND01,JJ,CCAMO,2018-03-28,1130,noite
HOP01,JJ,SHCW,2018-03-28,880,tarde
FLEC01,JJ,SHCW,2018-03-29,1050,tarde
LINM01,JJ,SHCW,2018-03-29,660,manha
REDM01,JJ,SHCW,2018-03-29,840,tarde
CHUC01,JJ,SHCW,2018-03-30,840,tarde
PRIM01,JJ,SHCW,2018-03-30,910,tarde
SLEA01,HOUSE,CON,2018-04-01,670,manha
BOSJ01,SINEAD,SHCW,2018-04-03,900,tarde
BREH01,JJ,SHCW,2018-04-03,840,tarde
DANJ01,SINEAD,SBD,2018-04-03,960,tarde
DOWR01,BECKY,SHCW,2018-04-03,1140,noite
LINJ01,JJ,SHCW,2018-04-03,600,manha
NICP01,BECKY,SHCM,2018-04-03,930,tarde
SKUD01,BECKY,SBD5+1,2018-04-03,600,manha
THOW01,JJ,SBD,2018-04-03,540,manha
WONM02,JJ,SBD,2018-04-03,480,manha
YATT01,BECKY,SHCM,2018-04-03,660,manha
BALJ01,SINEAD,SHCW,2018-04-04,600,manha
COLJ01,JJ,SHCM,2018-04-04,550,manha
KEN*01,SINEAD,SHCW,2018-04-04,660,manha
MARG01,JJ,SHCM,2018-04-04,920,tarde
SARA01,JJ,SHCM,2018-04-04,780,tarde
SCHH01,KELLY,CHLFH,2018-04-04,780,tarde
SCHH01,SINEAD,SBD,2018-04-04,930,tarde
SLUS01,JJ,SHCM,2018-04-04,730,tarde
WOOD01,KELLY,CTU,2018-04-04,600,manha
WOOD01,JJ,SHCW,2018-04-04,670,manha
BREM01,SINEAD,SHCM,2018-04-05,990,tarde
COOM01,SINEAD,SHCW,2018-04-05,780,tarde
DANJ02,BECKY,SHCW,2018-04-05,660,manha
HILJ01,SINEAD,SBD5+1,2018-04-05,940,tarde
HOLL01,KELLY,CTU,2018-04-05,780,tarde
HOLL01,SINEAD,SHCW,2018-04-05,870,tarde
JARS01,JJ,SHCW,2018-04-05,750,tarde
JASA01,JJ,SHCW,2018-04-05,600,manha
LYNG01,JJ,SHCM,2018-04-05,1070,tarde
PIPJ01,JJ,SHCM,2018-04-05,1020,tarde
SCHJ01,JJ,SHCM,2018-04-05,870,tarde
SHIG01,JJ,SHCW,2018-04-05,810,tarde
SHIG01,KELLY,CHLPL,2018-04-05,870,tarde
SUPR01,BECKY,SHCM,2018-04-05,980,tarde
TINT01,BECKY,SHCM,2018-04-05,910,tarde
VERM01,JJ,SHCW,2018-04-05,670,manha
BROS01,BECKY,SHCW,2018-04-06,600,manha
BUZI01,JJ,SHCW,2018-04-06,500,manha
HELJ01,BECKY,SHCM,2018-04-06,1050,tarde
KLEA01,BECKY,SHCM,2018-04-06,700,manha
KULR01,BECKY,SHCW,2018-04-06,990,tarde
LEEP01,JJ,SHCM,2018-04-06,560,manha
MCLI01,JJ,SHCM,2018-04-06,1110,noite
MORB01,KELLY,CFC,2018-04-06,660,manha
MORB01,BECKY,SBD,2018-04-06,780,tarde
NGUS01,KELLY,CALC,2018-04-06,750,tarde
NORE01,BECKY,SBD,2018-04-06,950,tarde
PLUJ01,JJ,SHCM,2018-04-06,690,manha
PLUJ01,JJ,CCAMO,2018-04-06,730,tarde
SINM01,JJ,SHCW,2018-04-06,630,manha
THOW02,JJ,SHCM,2018-04-06,790,tarde
WAX*01,JJ,SHCM,2018-04-06,900,tarde
BLAJ01,SINEAD,SHCW,2018-04-07,900,tarde
CAYK01,KELLY,CFC,2018-04-07,820,tarde
CAYK01,BECKY,SHCW,2018-04-07,890,tarde
DOLD01,JJ,SHCW,2018-04-07,690,manha
GALG01,JJ,SHCW,2018-04-07,510,manha
JOHJ01,SINEAD,SHCW,2018-04-07,780,tarde
KENH01,SINEAD,SHCW,2018-04-07,840,tarde
KURG01,JJ,SHCW,2018-04-07,800,tarde
SENM01,BECKY,SHCW,2018-04-07,600,manha
SINT01,BECKY,SHCC,2018-04-07,750,tarde
SINW01,JJ,SHCC,2018-04-07,750,tarde
STOD01,BECKY,SHCM,2018-04-07,660,manha
WANM01,BECKY,SHCW,2018-04-07,830,tarde
WILK01,KELLY,CHLPHC,2018-04-07,740,tarde
WILK01,JJ,SBD,2018-04-07,860,tarde
CHAG01,BECKY,SHCM,2018-04-08,820,tarde
DOWR01,BECKY,SBD,2018-04-08,900,tarde
HUDM01,JJ,CHLFH,2018-04-08,810,tarde
SCHJ03,BECKY,SBD,2018-04-08,780,tarde
TOPS01,BECKY,SHCW,2018-04-08,600,manha
BOWM01,JJ,SHCW,2018-04-10,840,tarde
CARB01,BECKY,SHCW,2018-04-10,1080,noite
CULT01,SINEAD,CON,2018-04-10,1110,noite
IRWE01,KELLY,CTU,2018-04-10,600,manha
IRWE01,SINEAD,SHCM,2018-04-10,690,manha
KOOM01,JJ,SHCW,2018-04-10,780,tarde
KRIA01,JJ,SHCW,2018-04-10,1040,tarde
LANS01,BECKY,SHCW,2018-04-10,810,tarde
MARD01,BECKY,SHCW,2018-04-10,600,manha
MCCB01,BECKY,SHCM,2018-04-10,1030,tarde
PUGS01,JJ,CON,2018-04-10,480,manha
SAMB01,JJ,SHCW,2018-04-10,930,tarde
SIDA01,BECKY,SHCW,2018-04-10,980,tarde
ARRM01,JJ,SHCW,2018-04-11,1050,tarde
BROA01,SINEAD,SHCW,2018-04-11,870,tarde
DACJ01,SINEAD,SHCW,2018-04-11,1080,noite
GARJ01,JJ,SHCW,2018-04-11,500,manha
GREN01,SINEAD,SHCW,2018-04-11,930,tarde
HENI01,JJ,SHCW,2018-04-11,1110,noite
HOLL01,HOUSE,SBD5+1,2018-04-11,700,manha
KIMF01,JJ,SHCW,2018-04-11,900,tarde
KUKK01,SINEAD,CON,2018-04-11,720,tarde
POOD01,SINEAD,SHCM,2018-04-11,1140,noite
POTR01,JJ,SHCM,2018-04-11,990,tarde
RUTA01,KELLY,CALC,2018-04-11,600,manha
RUTA01,JJ,SHCW,2018-04-11,720,tarde
SPRK01,JJ,SHCW,2018-04-11,780,tarde
TRAJ01,JJ,SHCM,2018-04-11,850,tarde
VAUD01,JJ,SBD,2018-04-11,620,manha
BOWV01,JJ,SHCW,2018-04-12,660,manha
ESKR01,JJ,SHCW,2018-04-12,600,manha
GUBD01,JJ,SHCM,2018-04-12,990,tarde
JIAL01,JJ,SHCW,2018-04-12,720,tarde
MARK01,BECKY,FRI,2018-04-12,1060,tarde
PIVS01,JJ,SHCW,2018-04-12,780,tarde
STEB01,BECKY,SHCM,2018-04-12,930,tarde
,JJ,SHCW,2018-04-13,1080,noite
ALLM01,JJ,SHCW,2018-04-13,710,manha
BYRP01,BECKY,SBD,2018-04-13,780,tarde
DUFD01,JJ,SHCM,2018-04-13,660,manha
HILJ01,BECKY,SBD,2018-04-13,990,tarde
MERM01,BECKY,SHCM,2018-04-13,900,tarde
MOLA01,JJ,SHCW,2018-04-13,980,tarde
ROSL01,JJ,SHCW,2018-04-13,840,tarde
SIRM01,BECKY,SBD,2018-04-13,540,manha
THOD01,JJ,SHCM,2018-04-13,780,tarde
BONT01,BECKY,SHCW,2018-04-14,810,tarde
LEEN01,BECKY,SHCC,2018-04-14,690,manha
SAVP01,JJ,SHCW,2018-04-14,600,manha
SHAG01,JJ,SHCW,2018-04-14,750,tarde
SKUD01,BECKY,SBD,2018-04-14,630,manha
STOK01,JJ,SHCW,2018-04-14,660,manha
WOOJ01,JJ,SBD,2018-04-14,930,tarde
BLAR01,BECKY,SHCW,2018-04-16,690,manha
BROS01,HOUSE,SBD5+1,2018-04-17,810,tarde
COLC01,BECKY,SBD,2018-04-17,1140,noite
GOUE01,BECKY,SHCW,2018-04-17,660,manha
HOG*01,SINEAD,SHCM,2018-04-17,960,tarde
HUYK01,BECKY,SBD,2018-04-17,970,tarde
JONC01,SINEAD,SHCM,2018-04-17,1010,tarde
LEEM01,JJ,SHCW,2018-04-17,960,tarde
LEEM01,KELLY,CTU,2018-04-17,1020,tarde
MANL01,SINEAD,SHCW,2018-04-17,600,manha
ROWD01,BECKY,SHCW,2018-04-17,1050,tarde
SINS01,JJ,SHCM,2018-04-17,1020,tarde
STEA01,BECKY,SHCW,2018-04-17,600,manha
WEIA01,JJ,SHCW,2018-04-17,780,tarde
DAVA01,JJ,SHCW,2018-04-18,780,tarde
KUKK01,HOUSE,SBD5+1,2018-04-18,720,tarde
MILE01,SINEAD,SHCW,2018-04-18,1020,tarde
PHIC01,SINEAD,SHCW,2018-04-18,760,tarde
SORM01,KELLY,CHLPL,2018-04-18,720,tarde
SORM01,JJ,SHCW,2018-04-18,840,tarde
WELL01,SINEAD,SBD,2018-04-18,1140,noite
BROT01,SINEAD,SHCW,2018-04-19,960,tarde
BUDG02,SINEAD,SHCM,2018-04-19,1080,noite
CASH01,JJ,CON,2018-04-19,1030,tarde
COAA01,JJ,SHCW,2018-04-19,1140,noite
DODK01,SINEAD,CON,2018-04-19,1050,tarde
GRIA01,SINEAD,SHCW,2018-04-19,600,manha
HOLL01,SINEAD,SBD,2018-04-19,740,tarde
JARM01,JJ,SHCW,2018-04-19,840,tarde
JOHD01,SINEAD,SHCM,2018-04-19,1140,noite
KEIS01,BECKY,SHCW,2018-04-19,660,manha
LUL01,BECKY,SHCW,2018-04-19,950,tarde
MAKM01,SINEAD,SHCM,2018-04-19,780,tarde
MCGV01,SINEAD,SHCW,2018-04-19,670,manha
RABH01,BECKY,SHCC,2018-04-19,730,tarde
SCHH01,JJ,CHLPL,2018-04-19,720,tarde
SCHH01,BECKY,SBD,2018-04-19,780,tarde
TOHS01,JJ,SHCW,2018-04-19,1050,tarde
VAUD01,JJ,SHCW,2018-04-19,780,tarde
ZUKS01,BECKY,SHCM,2018-04-19,850,tarde
BARW01,JJ,SHCM,2018-04-20,780,tarde
FINW01,BECKY,SHCM,2018-04-20,720,tarde
FOXS01,JJ,SBD,2018-04-20,540,manha
HUDM01,BECKY,SBD,2018-04-20,990,tarde
KINN01,JJ,SHCW,2018-04-20,600,manha
KOSI01,JJ,CFC,2018-04-20,900,tarde
KOSI01,JJ,SHCW,2018-04-20,950,tarde
NICM01,JJ,SHCW,2018-04-20,720,tarde
OHAG01,JJ,SHCM,2018-04-20,1050,tarde
SCOL01,BECKY,SHCW,2018-04-20,660,manha
SEDD01,BECKY,SHCW,2018-04-20,600,manha
SHIG01,BECKY,CON,2018-04-20,940,tarde
WARG01,JJ,SBD,2018-04-20,840,tarde
ALIR01,JJ,SDUD,2018-04-21,930,tarde
BARA01,SINEAD,TRE 1,2018-04-21,910,tarde
BARA01,SINEAD,SBD,2018-04-21,920,tarde
CORS01,JJ,SHCW,2018-04-21,690,manha
DELC01,BECKY,SHCM,2018-04-21,910,tarde
HEIM01,BECKY,SHCW,2018-04-21,540,manha
HILJ01,SINEAD,SBD,2018-04-21,840,tarde
LEIF01,SINEAD,SHCW,2018-04-21,720,tarde
MCND01,SINEAD,SHCM,2018-04-21,540,manha
NEML01,SINEAD,SHCW,2018-04-21,660,manha
NIDN01,JJ,SBD,2018-04-21,480,manha
RICP01,SINEAD,SHCW,2018-04-21,480,manha
RUTR01,JJ,CFC,2018-04-21,540,manha
RUTR01,JJ,SHCW,2018-04-21,620,manha
SHAA01,SINEAD,SHCM,2018-04-21,600,manha
STEI01,BECKY,SHCW,2018-04-21,660,manha
STEM01,BECKY,SHCW,2018-04-21,600,manha
WILB01,BECKY,SDUD,2018-04-21,480,manha
APTM01,JJ,SHCM,2018-04-22,720,tarde
BAIL01,BECKY,SHCW,2018-04-22,820,tarde
FRAW01,BECKY,SHCM,2018-04-22,880,tarde
SARK01,JJ,SHCW,2018-04-22,830,tarde
SKUT01,BECKY,SHCW,2018-04-22,720,tarde
WONM02,HOUSE,SBD5+1,2018-04-22,600,manha
BEAA01,SINEAD,SHCC,2018-04-24,960,tarde
BEAL01,SINEAD,SHCC,2018-04-24,1000,tarde
BERI01,JJ,SHCM,2018-04-24,800,tarde
HENB01,JJ,SHCM,2018-04-24,550,manha
KATM01,JJ,SHCW,2018-04-24,660,manha
LEVL01,JJ,SHCW,2018-04-24,850,tarde
MCKT01,BECKY,SHCW,2018-04-24,1030,tarde
OWED01,SINEAD,SHCM,2018-04-24,810,tarde
SCHJ01,JJ,SHCM,2018-04-24,730,tarde
SCHJ01,JJ,CCAMO,2018-04-24,780,tarde
SKUD01,BECKY,SBD,2018-04-24,720,tarde
BOYL01,SINEAD,CMT,2018-04-25,810,tarde
BOYL01,SINEAD,SHCW,2018-04-25,840,tarde
HILE01,JJ,SHCW,2018-04-25,590,manha
MCGA01,JJ,SHCW,2018-04-25,840,tarde
RUTM01,JJ,SHCW,2018-04-25,900,tarde
SLUS01,JJ,SHCM,2018-04-25,650,manha
STOV01,JJ,SHCM,2018-04-25,700,manha
WRI*01,SINEAD,SHCM,2018-04-25,600,manha
YOUS01,SINEAD,SHCW,2018-04-25,960,tarde
ZUGL01,SINEAD,SBD,2018-04-25,1140,noite
BANR01,BECKY,CTU,2018-04-26,600,manha
BANR01,BECKY,SBD,2018-04-26,690,manha
BROS01,BECKY,SBD,2018-04-26,750,tarde
BUSM01,SINEAD,SHCW,2018-04-26,960,tarde
CARC01,JJ,SHCW,2018-04-26,990,tarde
COLG01,JJ,SHCW,2018-04-26,780,tarde
COLR01,BECKY,SHCM,2018-04-26,1110,noite
GALB01,JJ,SHCM,2018-04-26,1050,tarde
GELK01,JJ,SHCW,2018-04-26,720,tarde
GREM01,JJ,SHCW,2018-04-26,650,manha
HOLL01,SINEAD,SBD,2018-04-26,720,tarde
MOIB01,SINEAD,SHCW,2018-04-26,900,tarde
MOYJ01,JJ,SHCM,2018-04-26,1100,noite
RODP01,SINEAD,SBD,2018-04-26,640,manha
RODP01,SINEAD,TRE 1,2018-04-26,680,manha
SMIC01,SINEAD,SHCW,2018-04-26,1050,tarde
ARMG01,BECKY,SBD,2018-04-27,850,tarde
CARC01,JJ,CON,2018-04-27,1100,noite
CHEW01,JJ,SHCW,2018-04-27,600,manha
GOSD01,JJ,SHCW,2018-04-27,790,tarde
GRET01,JJ,SHCM,2018-04-27,540,manha
HARW01,JJ,SHCM,2018-04-27,1050,tarde
KLEA01,BECKY,SHCM,2018-04-27,720,tarde
KM01,JJ,SHCW,2018-04-27,720,tarde
LEWH01,JJ,SBD,2018-04-27,660,manha
LINM02,JJ,SHCW,2018-04-27,870,tarde
MUMK01,JJ,SHCW,2018-04-27,930,tarde
OZIS01,BECKY,SBD,2018-04-27,940,tarde
RANZ01,BECKY,SHCW,2018-04-27,1030,tarde
REIM01,BECKY,SHCM,2018-04-27,670,manha
SIRM01,HOUSE,SBD5+1,2018-04-27,540,manha
TINA01,JJ,SHCW,2018-04-27,990,tarde
YATT01,BECKY,SHCM,2018-04-27,600,manha
CULT01,SINEAD,CON,2018-04-28,780,tarde
HOS01,JJ,SHCW,2018-04-28,900,tarde
HUDM01,JJ,SHCW,2018-04-28,620,manha
MACB01,JJ,SHCW,2018-04-28,830,tarde
MCGA02,SINEAD,SHCM,2018-04-28,560,manha
PHIJ01,SINEAD,SHCW,2018-04-28,690,manha
RODP01,SINEAD,SBD,2018-04-28,510,manha
ROGE01,SINEAD,SHCW,2018-04-28,620,manha
WHIA01,JJ,SHCW,2018-04-28,960,tarde
WINL01,SINEAD,SHCW,2018-04-28,840,tarde
WONM02,JJ,SBD,2018-04-28,540,manha
WOOJ01,SINEAD,SBD,2018-04-28,920,tarde
WAGL01,JJ,SHCW,2018-04-29,590,manha
ZHIJ01,JJ,SHCW,2018-04-29,650,manha
ALVJ01,JJ,SHCW,2018-05-01,930,tarde
BROS01,BECKY,SBD,2018-05-01,900,tarde
CYRA01,BECKY,SHCW,2018-05-01,1080,noite
FLAD01,SINEAD,SHCM,2018-05-01,600,manha
FLEB01,JJ,SHCW,2018-05-01,1130,noite
GRIP01,SINEAD,SHCM,2018-05-01,650,manha
HENI01,JJ,FRI,2018-05-01,1070,tarde
HILJ01,BECKY,SBD,2018-05-01,600,manha
KERT01,JJ,SHCW,2018-05-01,600,manha
KERT01,JJ,CALC,2018-05-01,660,manha
LEHJ01,JJ,SHCM,2018-05-01,1080,noite
TAYE01,JJ,SHCM,2018-05-01,1020,tarde
ATKN01,JJ,SHCW,2018-05-02,780,tarde
DENB01,SINEAD,SHCM,2018-05-02,830,tarde
KINN01,JJ,SBD,2018-05-02,940,tarde
LEEV01,JJ,SHCW,2018-05-02,1040,tarde
MARA01,SINEAD,SHCW,2018-05-02,930,tarde
NELT01,SINEAD,SBD,2018-05-02,720,tarde
POTR01,JJ,SHCM,2018-05-02,990,tarde
RODP01,SINEAD,SBD,2018-05-02,780,tarde
BHAJ01,BECKY,SHCW,2018-05-03,600,manha
BRAN01,SINEAD,SHCM,2018-05-03,1140,noite
BREM01,SINEAD,SHCM,2018-05-03,1020,tarde
BRIK01,JJ,SHCW,2018-05-03,660,manha
HOLL01,SINEAD,SBD,2018-05-03,720,tarde
LEFN01,JJ,SHCW,2018-05-03,540,manha
LYNG01,JJ,SHCM,2018-05-03,930,tarde
MARR01,SINEAD,SHCW,2018-05-03,1070,tarde
MESN01,BECKY,SHCW,2018-05-03,780,tarde
NEEL01,JJ,CTU,2018-05-03,780,tarde
NEEL01,JJ,SHCW,2018-05-03,870,tarde
NIDN01,SINEAD,SBD,2018-05-03,640,manha
NIES02,JJ,SHCM,2018-05-03,600,manha
SKUD01,BECKY,SBD,2018-05-03,660,manha
SPIJ01,BECKY,SHCM,2018-05-03,910,tarde
TSAR01,JJ,SHCM,2018-05-03,990,tarde
WOOD02,JJ,SHCW,2018-05-03,1140,noite
ALIR02,BECKY,SBD,2018-05-04,750,tarde
BENS01,JJ,SHCW,2018-05-04,840,tarde
BYRP01,BECKY,SBD,2018-05-04,660,manha
CAND01,JJ,SHCM,2018-05-04,1020,tarde
COLB01,JJ,SHCM,2018-05-04,530,manha
COLE01,JJ,SHCM,2018-05-04,480,manha
COLG01,BECKY,SBD,2018-05-04,590,manha
COLR02,BECKY,SHCM,2018-05-04,480,manha
DUFD01,JJ,CON,2018-05-04,640,manha
GHOP01,JOANNE,CHLPHC,2018-05-04,720,tarde
GHOP01,BECKY,SHCW,2018-05-04,810,tarde
GUYD01,BECKY,SHCM,2018-05-04,1000,tarde
GUYD01,BECKY,CCAMO,2018-05-04,1050,tarde
KOOM01,JJ,SBD,2018-05-04,660,manha
MCGV01,JOANNE,CMT,2018-05-04,600,manha
MICK01,JJ,SHCW,2018-05-04,760,tarde
NICP01,BECKY,SHCM,2018-05-04,960,tarde
PENM01,JOANNE,CTU,2018-05-04,980,tarde
PENM01,HOUSE,SBD5+1,2018-05-04,1070,tarde
PLUJ01,JJ,SHCM,2018-05-04,700,manha
PLUJ01,JJ,CCAMO,2018-05-04,750,tarde
RICC01,JOANNE,CFC,2018-05-04,790,tarde
RICC01,BECKY,SBD,2018-05-04,870,tarde
SCHC01,JOANNE,CHLPL,2018-05-04,840,tarde
SIRM01,BECKY,SBD,2018-05-04,540,manha
ZIMJ01,BECKY,SHCM,2018-05-04,910,tarde
ALIA01,BECKY,SHCM,2018-05-05,820,tarde
BENL01,JOANNE,CBAL,2018-05-05,680,manha
BENL01,JJ,SHCW,2018-05-05,810,tarde
BOTN01,SINEAD,SHCM,2018-05-05,610,manha
BROF01,JOANNE,CALC,2018-05-05,620,manha
BROF01,BECKY,SBD,2018-05-05,720,tarde
CAYK01,JOANNE,CTU,2018-05-05,770,tarde
CHUJ01,SINEAD,SHCW,2018-05-05,660,manha
ERWS01,JOANNE,CALC,2018-05-05,540,manha
ERWS01,JJ,SHCW,2018-05-05,620,manha
FISV01,BECKY,SHCW,2018-05-05,600,manha
GAGC01,JJ,SHCW,2018-05-05,880,tarde
HESM01,SINEAD,SHCW,2018-05-05,840,tarde
HUDM01,JJ,SBD,2018-05-05,680,manha
IRWE01,SINEAD,SHCM,2018-05-05,800,tarde
IRWE01,JOANNE,CTU,2018-05-05,840,tarde
IRWE01,SINEAD,CON,2018-05-05,910,tarde
LAMC01,BECKY,SHCM,2018-05-05,760,tarde
ODOA01,BECKY,SHCW,2018-05-05,900,tarde
SCOJ01,BECKY,SHCW,2018-05-05,650,manha
SHIL01,SINEAD,SHCW,2018-05-05,520,manha
TUMM01,JOANNE,CTU,2018-05-05,870,tarde
TUMM01,JJ,SHCW,2018-05-05,940,tarde
TURA01,HOUSE,CBAL,2018-05-05,780,tarde
WONM02,JJ,SBD,2018-05-05,480,manha
WYRC01,JJ,SBD,2018-05-05,570,manha
HUDS01,JJ,SBD,2018-05-06,780,tarde
JONK01,BECKY,SHCW,2018-05-06,840,tarde
ROUT01,JJ,CDPB,2018-05-06,900,tarde
SARM01,JJ,SHCW,2018-05-06,840,tarde
ALZR01,BECKY,SHCW,2018-05-08,1020,tarde
BATP01,JJ,SHCM,2018-05-08,670,manha
BOSJ01,SINEAD,SHCW,2018-05-08,960,tarde
BRES01,JJ,SHCW,2018-05-08,610,manha
HILJ01,SINEAD,SBD,2018-05-08,1020,tarde
HOWC01,JJ,SHCM,2018-05-08,1080,noite
JUDJ01,SINEAD,SHCW,2018-05-08,810,tarde
KIMS01,JOANNE,CFC,2018-05-08,860,tarde
KIMS01,JJ,SHCW,2018-05-08,940,tarde
KIMY01,JJ,SHCW,2018-05-08,870,tarde
LEEP01,JJ,SHCM,2018-05-08,560,manha
MCPL01,JOANNE,CHLFH,2018-05-08,770,tarde
MCPL01,BECKY,SBD,2018-05-08,890,tarde
NELT01,HOUSE,SBD5+1,2018-05-08,660,manha
PIPJ01,JJ,SHCM,2018-05-08,1020,tarde
TAYJ01,JOANNE,CHLPL,2018-05-08,1050,tarde
TAYJ01,JJ,SHCW,2018-05-08,1130,noite
TAYL01,JOANNE,CHLFH,2018-05-08,640,manha
ANDN01,SINEAD,SHCW,2018-05-09,640,manha
BERH01,JOANNE,CALC,2018-05-09,670,manha
BERH01,JJ,SHCW,2018-05-09,760,tarde
CABL01,JOANNE,CFC,2018-05-09,720,tarde
COLG01,BECKY,SBD,2018-05-09,770,tarde
CRIV01,SINEAD,SHCW,2018-05-09,700,manha
FLEL01,SINEAD,SHCM,2018-05-09,840,tarde
KRIJ01,JJ,SHCW,2018-05-09,600,manha
MCLE01,SINEAD,SHCW,2018-05-09,1010,tarde
RUPN01,SINEAD,SHCW,2018-05-09,950,tarde
SHAS01,JJ,SHCM,2018-05-09,1040,tarde
SINJ01,JJ,SHCW,2018-05-09,660,manha
AINM01,HOUSE,SBD5+1,2018-05-10,900,tarde
BOES01,JOANNE,CALC,2018-05-10,970,tarde
BREH01,JJ,SHCW,2018-05-10,500,manha
BROS01,BECKY,SBD,2018-05-10,970,tarde
BUDG02,SINEAD,SHCM,2018-05-10,1080,noite
COLJ01,JJ,SHCM,2018-05-10,550,manha
DINJ01,BECKY,SHCW,2018-05-10,630,manha
HOLL01,SINEAD,SBD,2018-05-10,840,tarde
HOLS01,JOANNE,CALC,2018-05-10,840,tarde
KALA01,JOANNE,CHLPL,2018-05-10,920,tarde
KALA01,JJ,SHCW,2018-05-10,1010,tarde
MARK01,BECKY,SHCW,2018-05-10,1030,tarde
MONE01,SINEAD,SHCW,2018-05-10,630,manha
NORB01,JJ,SHCC,2018-05-10,660,manha
NORL01,JJ,SHCW,2018-05-10,600,manha
REIC01,JOANNE,CHLFH,2018-05-10,1020,tarde
RODP01,JOANNE,CON,2018-05-10,600,manha
ROSD01,JJ,SHCW,2018-05-10,1080,noite
SHAP01,BECKY,SHCW,2018-05-10,780,tarde
SOLR01,BECKY,SHCW,2018-05-10,570,manha
STEP01,SINEAD,SHCW,2018-05-10,740,tarde
TAYR01,JJ,SHCM,2018-05-10,900,tarde
TAYT01,SINEAD,SHCM,2018-05-10,900,tarde
THOD01,JJ,SHCM,2018-05-10,960,tarde
ARRM01,JJ,SBD,2018-05-11,1020,tarde
BROS02,BECKY,SHCM,2018-05-11,1050,tarde
CHA*01,JJ,SHCW,2018-05-11,870,tarde
COLG01,JOANNE,CTU,2018-05-11,780,tarde
COLG01,BECKY,SBD,2018-05-11,850,tarde
COWL01,JOANNE,CHLPL,2018-05-11,810,tarde
COWL01,BECKY,SHCW,2018-05-11,900,tarde
GIEC01,JJ,SHCM,2018-05-11,690,manha
GRAA01,JJ,SHCW,2018-05-11,750,tarde
KHAN01,BECKY,SBD,2018-05-11,790,tarde
LEEO01,JOANNE,CTU,2018-05-11,620,manha
LIMB01,BECKY,SHCM,2018-05-11,980,tarde
MURS01,BECKY,SHCM,2018-05-11,680,manha
NICL01,JJ,SHCW,2018-05-11,960,tarde
NOWT01,JJ,SHCW,2018-05-11,600,manha
REDM01,JJ,CON,2018-05-11,810,tarde
SIRM01,BECKY,SBD,2018-05-11,540,manha
THOW01,JJ,SHCW,2018-05-11,510,manha
TIML01,JJ,SBD,2018-05-11,1070,tarde
WARK01,BECKY,SHCM,2018-05-11,1100,noite
WARN01,BECKY,SHCM,2018-05-11,1020,tarde
CASH01,JJ,CON,2018-05-12,540,manha
EZIR01,JJ,SHCW,2018-05-12,560,manha
GOSD01,JOANNE,CHLPL,2018-05-12,650,manha
HUDM01,SINEAD,SBD,2018-05-12,920,tarde
JASA01,JJ,CON,2018-05-12,660,manha
JASA01,HOUSE,SBD5+1,2018-05-12,660,manha
LYL01,JJ,SHCW,2018-05-12,980,tarde
MARG01,JJ,SHCM,2018-05-12,750,tarde
MARM01,JOANNE,CFC,2018-05-12,900,tarde
NELT01,SINEAD,SBD,2018-05-12,890,tarde
PEEL01,SINEAD,SBD,2018-05-12,720,tarde
PHIJ01,SINEAD,SBD,2018-05-12,530,manha
ROST01,JJ,SHCM,2018-05-12,870,tarde
SARM01,JOANNE,CFC,2018-05-12,700,manha
SARM01,SINEAD,SBD,2018-05-12,770,tarde
SMIS01,JOANNE,CHLFH,2018-05-12,570,manha
STOD01,SINEAD,SHCM,2018-05-12,480,manha
TAYJ02,JOANNE,CHLFH,2018-05-12,790,tarde
TAYJ02,JJ,SHCW,2018-05-12,920,tarde
TINT02,JJ,SHCW,2018-05-12,800,tarde
TYRK01,JOANNE,CHLPL,2018-05-12,740,tarde
TYRK01,SINEAD,SBD,2018-05-12,840,tarde
ARAI01,BECKY,SHCW,2018-05-15,1080,noite
BREF01,JJ,SHCM,2018-05-15,780,tarde
BROS01,BECKY,SBD,2018-05-15,980,tarde
BURT01,JOANNE,CALC,2018-05-15,1030,tarde
BURT01,JJ,SHCM,2018-05-15,1110,noite
CHMY01,BECKY,SHCW,2018-05-15,720,tarde
HENI01,JOANNE,CON,2018-05-15,930,tarde
KUCM02,JJ,SHCW,2018-05-15,1010,tarde
LUCL01,BECKY,SHCW,2018-05-15,1140,noite
MACR01,SINEAD,SHCM,2018-05-15,900,tarde
MELE01,BECKY,SHCM,2018-05-15,1020,tarde
MOLC01,BECKY,SHCW,2018-05-15,600,manha
MONL01,SINEAD,SHCW,2018-05-15,600,manha
RODP01,JOANNE,CHLPL,2018-05-15,640,manha
RODP01,SINEAD,SHCW,2018-05-15,730,tarde
ROSM01,JOANNE,CTU,2018-05-15,890,tarde
SARK01,JOANNE,CHLPHC,2018-05-15,800,tarde
SARK01,JJ,SBD,2018-05-15,930,tarde
SCHJ01,JJ,SHCM,2018-05-15,630,manha
SCHJ01,JJ,CCAMO,2018-05-15,680,manha
WOOJ01,SINEAD,SHCW,2018-05-15,1080,noite
BUSC01,JJ,SHCW,2018-05-16,1020,tarde
CURK01,SINEAD,SHCW,2018-05-16,1080,noite
ELSM01,SINEAD,SBD,2018-05-16,1000,tarde
KUKK01,SINEAD,SBD,2018-05-16,720,tarde
LAMD01,JJ,SHCW,2018-05-16,920,tarde
MACT01,JJ,SHCM,2018-05-16,1120,noite
NELT01,SINEAD,SBD,2018-05-16,800,tarde
REIL01,SINEAD,SHCW,2018-05-16,910,tarde
RODP01,SINEAD,CON,2018-05-16,870,tarde
SARA01,JJ,SHCM,2018-05-16,780,tarde
SCHH01,JJ,SHCW,2018-05-16,710,manha
ABL*01,BECKY,SHCM,2018-05-17,1010,tarde
BUEM01,SINEAD,SBD,2018-05-17,1060,tarde
BURL01,JOANNE,CHLPHC,2018-05-17,720,tarde
BURL01,SINEAD,SBD,2018-05-17,870,tarde
CHUA01,JOANNE,CALC,2018-05-17,600,manha
CHUA01,JJ,SHCW,2018-05-17,730,tarde
COLG01,BECKY,SBD,2018-05-17,960,tarde
HAMD01,BECKY,SHCM,2018-05-17,900,tarde
HILJ01,JOANNE,CMT,2018-05-17,870,tarde
HILJ01,SINEAD,SBD,2018-05-17,940,tarde
HOLL01,SINEAD,SBD,2018-05-17,720,tarde
HUDM01,JJ,SBD,2018-05-17,490,manha
LOCS01,JOANNE,CHLPL,2018-05-17,900,tarde
MANL01,SINEAD,SHCW,2018-05-17,780,tarde
MORB01,JOANNE,CFC,2018-05-17,950,tarde
MORB01,JJ,SHCW,2018-05-17,1030,tarde
OKEM01,JJ,SHCW,2018-05-17,600,manha
PER*01,BECKY,SBD,2018-05-17,780,tarde
PRIL01,JJ,SHCW,2018-05-17,900,tarde
SHAA01,SINEAD,SHCM,2018-05-17,1140,noite
SIDA01,BECKY,SHCW,2018-05-17,600,manha
STOS01,SINEAD,SHCW,2018-05-17,600,manha
WOOD02,BECKY,SBD,2018-05-17,850,tarde
YATT01,BECKY,SHCM,2018-05-17,700,manha
CORS02,BECKY,SHCW,2018-05-18,900,tarde
DELC01,BECKY,SHCM,2018-05-18,1080,noite
MASA01,BECKY,SHCM,2018-05-18,1020,tarde
MESK01,JJ,SHCW,2018-05-18,1140,noite
NICS01,JJ,SHCW,2018-05-18,850,tarde
OHAG01,JJ,SHCM,2018-05-18,660,manha
PENM01,BECKY,SBD,2018-05-18,650,manha
ROBT01,JOANNE,CHLPHC,2018-05-18,600,manha
SAMJ01,JJ,SHCW,2018-05-18,600,manha
SAMJ01,JOANNE,CHLPL,2018-05-18,680,manha
SIRM01,BECKY,SHCW,2018-05-18,540,manha
SKUD01,BECKY,SBD,2018-05-18,960,tarde
WOOD01,JOANNE,CTU,2018-05-18,840,tarde
WOOD01,JJ,SHCW,2018-05-18,910,tarde
BARE01,KELLY,CFC,2018-05-19,840,tarde
BARE01,KELLY,SHCW,2018-05-19,900,tarde
DANG01,JJ,SHCW,2018-05-19,960,tarde
DANJ01,JOANNE,CTU,2018-05-19,760,tarde
DANJ01,BECKY,SBD,2018-05-19,830,tarde
HASS01,KELLY,SHCW,2018-05-19,660,manha
IORC01,JJ,SHCW,2018-05-19,540,manha
JONE01,KELLY,SHCW,2018-05-19,540,manha
JONW01,KELLY,SHCW,2018-05-19,600,manha
LEIF01,SINEAD,SDUD,2018-05-19,720,tarde
LURM01,JOANNE,CALC,2018-05-19,870,tarde
MCGM01,SINEAD,SHCM,2018-05-19,870,tarde
MCKS01,SINEAD,SHCW,2018-05-19,540,manha
NELT01,SINEAD,SHCW,2018-05-19,810,tarde
NIDN01,JOANNE,CTU,2018-05-19,830,tarde
NIDN01,BECKY,SBD,2018-05-19,900,tarde
OGOE01,KELLY,SHCW,2018-05-19,730,tarde
RIZB01,KELLY,CFC,2018-05-19,870,tarde
RIZB01,KELLY,SHCW,2018-05-19,950,tarde
RONM01,JOANNE,CHLFHC,2018-05-19,640,manha
RUTR01,JOANNE,CFC,2018-05-19,540,manha
RUTR01,JJ,SBD,2018-05-19,620,manha
WONM02,JJ,SBD,2018-05-19,480,manha
ANDJ01,KELLY,CBAL,2018-05-22,660,manha
ANDJ01,KELLY,CT,2018-05-22,770,tarde
ANDJ01,KELLY,TRE 1,2018-05-22,800,tarde
ANDJ01,KELLY,SHCW,2018-05-22,820,tarde
BORJ01,JJ,SHCM,2018-05-22,1110,noite
CARB01,BECKY,CON,2018-05-22,1060,tarde
DAV*01,JJ,SHCW,2018-05-22,960,tarde
DRAR01,SINEAD,SHCM,2018-05-22,940,tarde
DUFD01,JJ,SHCM,2018-05-22,550,manha
ERVA01,SINEAD,SHCW,2018-05-22,760,tarde
HELJ01,BECKY,SHCM,2018-05-22,660,manha
HOLD01,BECKY,SHCW,2018-05-22,960,tarde
KUKH01,JOANNE,CHLPL,2018-05-22,1060,tarde
KUKH01,BECKY,SBD,2018-05-22,1150,noite
KUKK01,SINEAD,SBD,2018-05-22,710,manha
MOGS01,KELLY,SHCW,2018-05-22,600,manha
PN01,KELLY,SHCM,2018-05-22,1080,noite
RIVA01,BECKY,SHCW,2018-05-22,1080,noite
SHAI01,JOANNE,CHLPL,2018-05-22,950,tarde
SHAI01,JOANNE,TRE 1,2018-05-22,1000,tarde
SHAI01,SINEAD,SHCW,2018-05-22,1080,noite
WARG01,JJ,SHCW,2018-05-22,600,manha
WIL*01,JOANNE,CTU,2018-05-22,710,manha
WIL*01,JJ,SHCW,2018-05-22,790,tarde
WONM02,JJ,SBD,2018-05-22,480,manha
WOOJ01,JOANNE,CTU,2018-05-22,1020,tarde
WOOJ01,SINEAD,SBD,2018-05-22,1130,noite
.L01,JOANNE,CHLPHC,2018-05-23,640,manha
.L01,JJ,SHCW,2018-05-23,790,tarde
BERH01,JJ,SBD,2018-05-23,860,tarde
CLEE01,SINEAD,SHCW,2018-05-23,880,tarde
COLG01,SINEAD,SBD,2018-05-23,770,tarde
COXH01,KELLY,SHCW,2018-05-23,780,tarde
DOLD01,JJ,SHCW,2018-05-23,720,tarde
DRAA01,KELLY,SHCW,2018-05-23,840,tarde
GRIA01,SINEAD,SHCW,2018-05-23,630,manha
HENB01,JJ,SHCM,2018-05-23,940,tarde
KOSA01,KELLY,SHCW,2018-05-23,600,manha
NELT01,SINEAD,SBD,2018-05-23,840,tarde
PARJ01,KELLY,SHCM,2018-05-23,1030,tarde
PER*01,KELLY,SBD,2018-05-23,660,manha
POOD01,SINEAD,SHCM,2018-05-23,1020,tarde
POTR01,JJ,SHCM,2018-05-23,990,tarde
RICP01,SINEAD,SHCW,2018-05-23,700,manha
SAVC01,JJ,SHCW,2018-05-23,600,manha
SHEK01,SINEAD,SHCW,2018-05-23,1080,noite
SINS02,KELLY,SHCM,2018-05-23,720,tarde
SLUS01,JJ,SHCM,2018-05-23,660,manha
VELA01,JJ,SHCW,2018-05-23,1050,tarde
WALS01,SINEAD,SHCW,2018-05-23,1140,noite
AVPR01,BECKY,SBD,2018-05-24,1030,tarde
BENC01,JOANNE,CFC,2018-05-24,960,tarde
HENA01,JOANNE,CALC,2018-05-24,600,manha
HENA01,JOANNE,SMARTBOND,2018-05-24,690,manha
HENA01,BECKY,SHCW,2018-05-24,720,tarde
HIMB01,JJ,SHCW,2018-05-24,900,tarde
HOAB01,SINEAD,SHCW,2018-05-24,630,manha
HOLL01,JOANNE,CTU,2018-05-24,720,tarde
HOLL01,SINEAD,SHCW,2018-05-24,790,tarde
JOHJ01,JOANNE,CHLPL,2018-05-24,1030,tarde
MAKM01,SINEAD,SHCM,2018-05-24,1020,tarde
MAPJ01,JJ,SHCW,2018-05-24,700,manha
MCCB01,BECKY,SHCM,2018-05-24,900,tarde
MOIB01,JOANNE,CTU,2018-05-24,800,tarde
MOIB01,SINEAD,SHCW,2018-05-24,880,tarde
MOLA01,JJ,SHCW,2018-05-24,840,tarde
POLB01,BECKY,SBD,2018-05-24,780,tarde
RUTA01,JOANNE,CALC,2018-05-24,910,tarde
RUTA01,JJ,SHCW,2018-05-24,1000,tarde
THOJ01,SINEAD,SHCW,2018-05-24,940,tarde
APTM01,JJ,SHCM,2018-05-25,990,tarde
CARK01,KELLY,CTU,2018-05-25,630,manha
CARK01,KELLY,SBD,2018-05-25,690,manha
COWS01,BECKY,SHCW,2018-05-25,1060,tarde
DORR01,JJ,SHCW,2018-05-25,720,tarde
GUBD01,JJ,SHCM,2018-05-25,940,tarde
HIGA01,KELLY,SHCW,2018-05-25,990,tarde
HUDM01,JJ,SBD,2018-05-25,480,manha
IADA01,KELLY,SHCW,2018-05-25,720,tarde
INFB01,KELLY,CON,2018-05-25,1080,noite
KASJ01,BECKY,SHCW,2018-05-25,840,tarde
KINN01,JJ,SHCW,2018-05-25,540,manha
KLEA01,BECKY,SHCM,2018-05-25,590,manha
LYOH01,BECKY,SHCW,2018-05-25,900,tarde
MER*01,KELLY,SHCW,2018-05-25,840,tarde
PENM01,JOANNE,CMT,2018-05-25,960,tarde
PENM01,BECKY,SBD,2018-05-25,1020,tarde
SIRM01,BECKY,SBD,2018-05-25,540,manha
WAGW01,KELLY,SHCM,2018-05-25,770,tarde
WEIS01,JJ,SHCM,2018-05-25,1080,noite
WYRC01,JJ,SHCW,2018-05-25,780,tarde
ARRM01,KELLY,SBD,2018-05-26,980,tarde
BERI01,JJ,SHCM,2018-05-26,660,manha
BRAN01,SINEAD,SHCM,2018-05-26,830,tarde
BROS01,BECKY,SBD,2018-05-26,790,tarde
COLG01,JOANNE,CMT,2018-05-26,690,manha
COLG01,BECKY,SBD,2018-05-26,750,tarde
FIGM01,KELLY,CTU,2018-05-26,660,manha
FLAC01,JOANNE,CHLFH,2018-05-26,540,manha
FLAC01,SINEAD,SHCW,2018-05-26,680,manha
FLAS01,JOANNE,CFC,2018-05-26,630,manha
FLAS01,SINEAD,SHCW,2018-05-26,750,tarde
HENI01,JOANNE,CBAL,2018-05-26,730,tarde
HENI01,JJ,SHCW,2018-05-26,870,tarde
HILJ01,SINEAD,SBD,2018-05-26,540,manha
KRAV01,KELLY,CDPB,2018-05-26,720,tarde
KRAV01,KELLY,SHCW,2018-05-26,810,tarde
LANI01,JJ,SHCW,2018-05-26,810,tarde
MAUA01,JJ,SHCW,2018-05-26,590,manha
NELT01,SINEAD,SBD,2018-05-26,600,manha
PATB01,BECKY,SHCW,2018-05-26,840,tarde
RADP01,KELLY,SHCM,2018-05-26,750,tarde
RETM01,SINEAD,SHCW,2018-05-26,900,tarde
RODP01,SINEAD,SBD,2018-05-26,500,manha
SASM01,KELLY,CT,2018-05-26,860,tarde
SASM01,KELLY,SHCW,2018-05-26,880,tarde
SPEK01,JOANNE,CTU,2018-05-26,870,tarde
WILT01,JJ,SHCW,2018-05-26,750,tarde
WONM02,JJ,SBD,2018-05-26,930,tarde
WOOJ01,JJ,SBD,2018-05-26,990,tarde
ANDM01,BECKY,SHCM,2018-05-29,1140,noite
AYKS01,JOANNE,CHLPL,2018-05-29,840,tarde
AYKS01,KELLY,SHCW,2018-05-29,930,tarde
BUFJ01,BECKY,SHCM,2018-05-29,900,tarde
BUFW01,SINEAD,SHCM,2018-05-29,920,tarde
DAWP01,SINEAD,SHCW,2018-05-29,630,manha
DHAL01,JJ,SHCW,2018-05-29,600,manha
DODK01,SINEAD,SHCW,2018-05-29,1080,noite
HILD01,JOANNE,CHLPHC,2018-05-29,990,tarde
HILD01,JOANNE,SMARTBOND,2018-05-29,1080,noite
JOHD01,SINEAD,SHCM,2018-05-29,970,tarde
KEIS01,BECKY,SHCW,2018-05-29,840,tarde
KEN*01,SINEAD,SHCW,2018-05-29,730,tarde
LAWJ01,SINEAD,SHCM,2018-05-29,1020,tarde
LEB01,KELLY,SMARTBOND,2018-05-29,760,tarde
LEB01,KELLY,SHCW,2018-05-29,830,tarde
MULN01,JJ,SBD,2018-05-29,840,tarde
OWED01,SINEAD,SHCM,2018-05-29,810,tarde
PUGS01,JOANNE,CALC,2018-05-29,900,tarde
PUGS01,JJ,SHCW,2018-05-29,1020,tarde
ROWD01,BECKY,SHCW,2018-05-29,1050,tarde
SCHJ01,JJ,CCAMO,2018-05-29,820,tarde
STEJ01,KELLY,CFC,2018-05-29,720,tarde
STEJ01,KELLY,SHCW,2018-05-29,780,tarde
STEL02,BECKY,SHCM,2018-05-29,600,manha
STEM02,JJ,SHCM,2018-05-29,1100,noite
THOA01,KELLY,SHCW,2018-05-29,1080,noite
VANJ01,BECKY,SHCC,2018-05-29,1000,tarde
WALC01,JOANNE,CFC,2018-05-29,600,manha
WEIA01,JJ,SHCW,2018-05-29,960,tarde
ZUKS01,BECKY,SHCM,2018-05-29,950,tarde
BALJ01,SINEAD,SHCW,2018-05-30,630,manha
BOSJ01,SINEAD,SHCW,2018-05-30,840,tarde
BOYL01,SINEAD,CON,2018-05-30,700,manha
BREM01,SINEAD,SHCM,2018-05-30,1030,tarde
BROS01,HOUSE,SBD5+1,2018-05-30,780,tarde
CHUH01,SINEAD,SHCW,2018-05-30,1140,noite
DACJ01,SINEAD,SBD,2018-05-30,900,tarde
DEK01,JJ,SHCW,2018-05-30,900,tarde
ESKR01,JJ,SHCW,2018-05-30,840,tarde
FREJ01,BECKY,SHCM,2018-05-30,1100,noite
GALB01,JJ,SHCM,2018-05-30,660,manha
HOUC01,KELLY,SHCW,2018-05-30,660,manha
JOHJ01,SINEAD,SHCW,2018-05-30,1080,noite
KUKK01,SINEAD,SBD,2018-05-30,720,tarde
MAEJ01,JOANNE,CTU,2018-05-30,700,manha
MAEJ01,JJ,SHCW,2018-05-30,770,tarde
MOHR01,KELLY,SHCW,2018-05-30,920,tarde
MORD01,KELLY,SHCM,2018-05-30,600,manha
NELT01,SINEAD,SBD,2018-05-30,940,tarde
SLEA01,JJ,SHCM,2018-05-30,720,tarde
SPRK01,JOANNE,CHLPHC,2018-05-30,600,manha
SPRK01,BECKY,SBD,2018-05-30,730,tarde
BISD01,SINEAD,CON,2018-05-31,1110,noite
CHUJ01,SINEAD,SBD,2018-05-31,920,tarde
CORS02,BECKY,SHCW,2018-05-31,620,manha
COWS01,JOANNE,TRE 1,2018-05-31,1000,tarde
COWS01,JOANNE,CBAL,2018-05-31,1020,tarde
DOWR01,JJ,SBD,2018-05-31,1140,noite
ELSM01,BECKY,SBD,2018-05-31,1020,tarde
ERWS01,JJ,CON,2018-05-31,990,tarde
GELK01,JJ,SHCW,2018-05-31,780,tarde
HAMN01,JOANNE,CFC,2018-05-31,600,manha
HAMN01,BECKY,SBD,2018-05-31,680,manha
HOLG01,KELLY,SHCW,2018-05-31,1020,tarde
HOLL01,SINEAD,SBD,2018-05-31,750,tarde
IRWE01,SINEAD,SHCM,2018-05-31,1060,tarde
IRWE01,JOANNE,CTU,2018-05-31,1110,noite
LEEJ01,KELLY,SHCW,2018-05-31,840,tarde
LEVL01,JJ,SHCW,2018-05-31,680,manha
LYNG01,JJ,SHCM,2018-05-31,1050,tarde
MACK01,SINEAD,SHCM,2018-05-31,1010,tarde
MANL01,SINEAD,CON,2018-05-31,680,manha
MCGA01,JJ,SHCW,2018-05-31,840,tarde
OGRS01,JOANNE,CDPB,2018-05-31,810,tarde
OGRS01,JOANNE,SMARTBOND,2018-05-31,900,tarde
OGRS01,JJ,SHCW,2018-05-31,940,tarde
PAUB01,KELLY,CBAL,2018-05-31,1070,tarde
PER*01,JJ,SHCW,2018-05-31,520,manha
REIM01,BECKY,SHCM,2018-05-31,730,tarde
SMIC01,SINEAD,SHCW,2018-05-31,690,manha
STED01,KELLY,SBD,2018-05-31,960,tarde
STEK01,BECKY,SBD,2018-05-31,960,tarde
WAIS01,SINEAD,SHCW,2018-05-31,620,manha
WILS01,JJ,SHCW,2018-05-31,580,manha
YOUS01,JOANNE,CALC,2018-05-31,760,tarde
YOUS01,SINEAD,SHCW,2018-05-31,850,tarde
CYRA01,BECKY,CON,2018-06-01,960,tarde
FZUA01,BECKY,SHCW,2018-06-01,820,tarde
GOSD01,JJ,SHCW,2018-06-01,660,manha
GOUE01,BECKY,SHCW,2018-06-01,590,manha
JARM01,JJ,SHCW,2018-06-01,1110,noite
MCLI01,JJ,SHCM,2018-06-01,1060,tarde
MUMK01,JOANNE,CTU,2018-06-01,840,tarde
MUMK01,JJ,SHCW,2018-06-01,910,tarde
NADS01,JOANNE,CFC,2018-06-01,900,tarde
NADS01,JJ,SHCW,2018-06-01,1000,tarde
NADS01,KELLY,SBD,2018-06-01,1050,tarde
NICP01,BECKY,SHCM,2018-06-01,990,tarde
PAIK01,BECKY,SHCW,2018-06-01,1080,noite
PUGS01,JJ,SDUD,2018-06-01,720,tarde
SCHP01,JOANNE,CALC,2018-06-01,770,tarde
SCHP01,BECKY,SHCW,2018-06-01,880,tarde
SIRM01,BECKY,SBD,2018-06-01,540,manha
STEB01,BECKY,SHCM,2018-06-01,650,manha
ABLD01,BECKY,SHCM,2018-06-02,840,tarde
BANR01,JOANNE,CTU,2018-06-02,600,manha
BANR01,BECKY,SBD,2018-06-02,680,manha
BENL01,JOANNE,CT,2018-06-02,570,manha
BUDG02,SINEAD,SHCM,2018-06-02,780,tarde
BURK01,KELLY,SBD,2018-06-02,660,manha
CULT01,SINEAD,SHCW,2018-06-02,840,tarde
DHAS01,KELLY,SHCW,2018-06-02,920,tarde
FERK01,JJ,SBD,2018-06-02,770,tarde
HOFA01,JJ,SHCM,2018-06-02,540,manha
HOFA01,JJ,CCAMO,2018-06-02,590,manha
HUDM01,JOANNE,CHLPL,2018-06-02,680,manha
HUDM01,KELLY,SBD,2018-06-02,830,tarde
KIRR01,BECKY,SHCM,2018-06-02,930,tarde
MAF*01,JJ,SHCW,2018-06-02,900,tarde
METJ01,BECKY,SHCW,2018-06-02,530,manha
METJ01,BECKY,TRE 1,2018-06-02,580,manha
MILE01,SINEAD,SHCW,2018-06-02,660,manha
OHLJ01,JOANNE,CFC,2018-06-02,750,tarde
PEDM01,BECKY,SHCW,2018-06-02,600,manha
PEDM02,BECKY,SHCM,2018-06-02,730,tarde
PHIC01,SINEAD,SHCW,2018-06-02,590,manha
PURD01,JJ,SHCM,2018-06-02,840,tarde
RODP01,SINEAD,SBD,2018-06-02,530,manha
RODP01,SINEAD,TRE 1,2018-06-02,570,manha
RUMJ02,JOANNE,CTU,2018-06-02,540,manha
RUMJ02,JJ,SHCW,2018-06-02,620,manha
SKUD01,BECKY,SBD,2018-06-02,880,tarde
STUM01,JOANNE,CHLPHC,2018-06-02,820,tarde
VARL01,KELLY,CTU,2018-06-02,630,manha
VARL01,KELLY,SHCW,2018-06-02,710,manha
WOOJ01,SINEAD,SBD,2018-06-02,910,tarde
COMJ01,BECKY,SHCW,2018-06-03,900,tarde
CZES01,BECKY,SMO,2018-06-03,640,manha
INGS01,BECKY,SHCW,2018-06-03,840,tarde
MICM01,BECKY,SHCW,2018-06-03,780,tarde
NELT01,BECKY,SBD,2018-06-03,600,manha
SENM01,BECKY,SHCW,2018-06-03,960,tarde
WONM02,JJ,SHCW,2018-06-03,940,tarde
AITS01,JJ,SHCM,2018-06-05,600,manha
ASIS01,KELLY,SHCW,2018-06-05,600,manha
BISS01,JOANNE,CHLPL,2018-06-05,660,manha
BISS01,BECKY,SHCW,2018-06-05,780,tarde
BOWV01,JJ,SHCW,2018-06-05,750,tarde
BROA01,BECKY,SHCW,2018-06-05,700,manha
CASH01,JJ,SHCW,2018-06-05,1020,tarde
FINW01,BECKY,SHCM,2018-06-05,1140,noite
GORM01,JOANNE,CTU,2018-06-05,810,tarde
GORM01,KELLY,SHCW,2018-06-05,870,tarde
GRIP01,BECKY,SHCM,2018-06-05,600,manha
HEIM01,BECKY,SHCW,2018-06-05,980,tarde
LEHJ01,JJ,SHCM,2018-06-05,1080,noite
MARK01,BECKY,SHCW,2018-06-05,1080,noite
MARR01,JJ,SHCW,2018-06-05,1140,noite
REDM01,JJ,SHCW,2018-06-05,840,tarde
SIDA01,BECKY,SHCW,2018-06-05,650,manha
THOW02,JJ,SHCM,2018-06-05,660,manha
TRAS01,JOANNE,CHLPHC,2018-06-05,720,tarde
WRI*01,BECKY,SHCM,2018-06-05,930,tarde
YATT01,BECKY,SHCM,2018-06-05,880,tarde
AMAK01,KELLY,SBD,2018-06-06,930,tarde
ANDE01,KELLY,SHCW,2018-06-06,780,tarde
CHRJ01,JJ,SHCW,2018-06-06,840,tarde
CLAJ01,JJ,SBD,2018-06-06,1030,tarde
COLB01,JJ,SHCM,2018-06-06,480,manha
COLE01,JJ,SHCM,2018-06-06,510,manha
DANJ03,JJ,SHCW,2018-06-06,960,tarde
FEDS01,JJ,SHCW,2018-06-06,760,tarde
GRET01,JJ,SHCM,2018-06-06,550,manha
HOLL01,JJ,SBD,2018-06-06,720,tarde
LEEK01,KELLY,SHCW,2018-06-06,970,tarde
MCGA01,JOANNE,CAS,2018-06-06,840,tarde
NGUJ01,KELLY,CDPB,2018-06-06,600,manha
NGUJ01,KELLY,SHCW,2018-06-06,830,tarde
SCOL01,JJ,SHCW,2018-06-06,660,manha
TRUA01,JJ,SHCM,2018-06-06,1080,noite
VERD01,KELLY,SHCM,2018-06-06,1050,tarde
WEES01,JJ,SHCM,2018-06-06,900,tarde
ALCV01,KELLY,SHCW,2018-06-07,920,tarde
APPS01,KELLY,SBD,2018-06-07,870,tarde
BIZK01,JJ,SBD,2018-06-07,660,manha
BROA01,JOANNE,CTU,2018-06-07,900,tarde
BROF01,JOANNE,CALC,2018-06-07,630,manha
BROF01,KELLY,SBD,2018-06-07,720,tarde
CLUS01,KELLY,SHCW,2018-06-07,1030,tarde
HERD01,KELLY,SHCW,2018-06-07,1130,noite
KOOM01,JJ,SHCW,2018-06-07,600,manha
KUKK01,JOANNE,CHLPL,2018-06-07,1020,tarde
KUKK01,JJ,SBD,2018-06-07,1140,noite
NELT01,JJ,SBD,2018-06-07,550,manha
PENM01,JOANNE,CTU,2018-06-07,690,manha
PENM01,JJ,SHCW,2018-06-07,780,tarde
POLB01,KELLY,SBD,2018-06-07,780,tarde
SWAM01,KELLY,SHCW,2018-06-07,1080,noite
WINJ01,JJ,SHCW,2018-06-07,840,tarde
WOOD02,JJ,SBD,2018-06-07,1020,tarde
WOOJ01,JOANNE,CALC,2018-06-07,970,tarde
WOOJ01,JJ,SBD,2018-06-07,1060,tarde
ARRM01,JOANNE,CFC,2018-06-08,870,tarde
ARRM01,KELLY,SBD,2018-06-08,950,tarde
BEAA02,JJ,SHCW,2018-06-08,1130,noite
BOES01,JOANNE,CHLPL,2018-06-08,910,tarde
CALC01,KELLY,SHCW,2018-06-08,1030,tarde
CLAM01,JJ,SHCW,2018-06-08,720,tarde
COLG01,JJ,SBD,2018-06-08,980,tarde
DUFD01,JJ,CON,2018-06-08,570,manha
LUL01,KELLY,SHCW,2018-06-08,900,tarde
MALJ01,JJ,SHCW,2018-06-08,780,tarde
MARO01,KELLY,SDUD,2018-06-08,840,tarde
MERN01,KELLY,SHCW,2018-06-08,1080,noite
NGC01,KELLY,SHCW,2018-06-08,980,tarde
NICM01,JJ,SHCW,2018-06-08,600,manha
REIL01,JJ,SBD,2018-06-08,1030,tarde
SARK01,JJ,SHCW,2018-06-08,660,manha
SINS01,JJ,SHCM,2018-06-08,1080,noite
STOK02,JJ,SHCW,2018-06-08,890,tarde
ZIMJ01,JJ,SHCM,2018-06-08,840,tarde
BAIS01,KELLY,SHCW,2018-06-09,810,tarde
CAND01,JJ,SHCM,2018-06-09,660,manha
CAND01,JJ,CCAMO,2018-06-09,710,manha
CHOT01,KELLY,SHCW,2018-06-09,910,tarde
FRAL01,JOANNE,CFC,2018-06-09,780,tarde
FRAL01,KELLY,SHCW,2018-06-09,860,tarde
GALG01,JJ,SHCW,2018-06-09,540,manha
HUDM01,JJ,SBD,2018-06-09,480,manha
JASA01,JJ,SHCW,2018-06-09,880,tarde
KOSI01,JOANNE,CTU,2018-06-09,660,manha
KOSI01,JJ,SHCW,2018-06-09,750,tarde
KRIJ01,JJ,SHCW,2018-06-09,600,manha
KUZD01,JOANNE,CTU,2018-06-09,900,tarde
KUZD01,KELLY,SHCW,2018-06-09,970,tarde
LEAS01,JOANNE,CTU,2018-06-09,620,manha
LEVL01,JJ,SBD,2018-06-09,840,tarde
NEMM01,JJ,SHCW,2018-06-09,940,tarde
OBRK01,KELLY,SBD,2018-06-09,1020,tarde
PEDM01,JJ,CON,2018-06-09,730,tarde
YANJ01,KELLY,SHCW,2018-06-09,540,manha
ALCV01,KELLY,CBAL,2018-06-12,700,manha
ALCV01,KELLY,CT,2018-06-12,820,tarde
ALCV01,KELLY,SMARTBOND,2018-06-12,840,tarde
CLAM01,JOANNE,CHLPHC,2018-06-12,780,tarde
DAJR01,JOANNE,CFC,2018-06-12,1000,tarde
DAJR01,JJ,SHCW,2018-06-12,1080,noite
GIAL01,JOANNE,CHLPL,2018-06-12,1040,tarde
GIAL01,JJ,SHCW,2018-06-12,1140,noite
KULR01,KELLY,SHCW,2018-06-12,1080,noite
LEEP01,JJ,SHCM,2018-06-12,560,manha
LEL01,KELLY,SHCM,2018-06-12,660,manha
LINM02,JJ,SHCW,2018-06-12,860,tarde
MCCK01,KELLY,SHCW,2018-06-12,1030,tarde
MORB01,JOANNE,CTU,2018-06-12,720,tarde
MORB01,JJ,SHCW,2018-06-12,800,tarde
NELT01,JJ,SBD,2018-06-12,610,manha
PER*01,JJ,SBD,2018-06-12,510,manha
PIPJ01,JJ,SHCM,2018-06-12,1020,tarde
TAYL02,JJ,SHCW,2018-06-12,960,tarde
BELK01,KELLY,SHCW,2018-06-13,780,tarde
COLJ02,JJ,SHCW,2018-06-13,1110,noite
ELSM01,KELLY,SBD,2018-06-13,900,tarde
FELH01,JJ,SHCW,2018-06-13,660,manha
LIND01,JOANNE,CFC,2018-06-13,710,manha
LIND01,JJ,SHCW,2018-06-13,790,tarde
MAKP01,KELLY,SHCM,2018-06-13,1080,noite
MINA01,JJ,SHCW,2018-06-13,970,tarde
NEEL01,JOANNE,CTU,2018-06-13,660,manha
NEEL01,JJ,SHCW,2018-06-13,730,tarde
SHIG01,JOANNE,CHLPL,2018-06-13,840,tarde
SHIG01,JJ,SHCW,2018-06-13,910,tarde
WARN01,JJ,SHCM,2018-06-13,1030,tarde
WICJ01,JJ,SHCM,2018-06-13,600,manha
?A01,KELLY,SBD,2018-06-14,810,tarde
BOOR01,JJ,SHCW,2018-06-14,980,tarde
CAYK01,JOANNE,CTU,2018-06-14,1050,tarde
CAYK01,JOANNE,TRE 1,2018-06-14,1110,noite
CAYK01,JJ,SBD,2018-06-14,1140,noite
DES01,BECKY,SHCW,2018-06-14,840,tarde
FAUA01,KELLY,CT,2018-06-14,1020,tarde
FAUA01,KELLY,SHCW,2018-06-14,1070,tarde
FLAD01,BECKY,SHCM,2018-06-14,600,manha
HACL01,JJ,SHCW,2018-06-14,900,tarde
KUKK01,BECKY,SBD,2018-06-14,540,manha
KUMA01,KELLY,SHCW,2018-06-14,1120,noite
MACM01,JOANNE,CHLFH,2018-06-14,600,manha
MARA01,BECKY,SHCW,2018-06-14,900,tarde
MCND01,BECKY,SHCM,2018-06-14,720,tarde
MCNR01,KELLY,SHCM,2018-06-14,720,tarde
NOWT01,JJ,SHCW,2018-06-14,720,tarde
SHAA01,BECKY,SHCM,2018-06-14,480,manha
STAD01,KELLY,MISC,2018-06-14,990,tarde
TOMV01,JJ,SBD,2018-06-14,1050,tarde
TSAR01,JJ,SHCM,2018-06-14,850,tarde
WONM02,HOUSE,SBD5+1,2018-06-14,780,tarde
ALIA01,BECKY,SHCM,2018-06-15,1080,noite
BRAN01,BECKY,SHCM,2018-06-15,490,manha
CARK01,KELLY,SBD,2018-06-15,1050,tarde
CHEW01,JJ,SHCW,2018-06-15,720,tarde
COLG01,BECKY,SBD,2018-06-15,630,manha
COLJ01,JJ,SHCM,2018-06-15,550,manha
COOM01,BECKY,SHCW,2018-06-15,670,manha
CRAY01,KELLY,SHCW,2018-06-15,670,manha
DANJ03,JJ,SBD,2018-06-15,500,manha
HILJ01,JOANNE,CTU,2018-06-15,930,tarde
HILJ01,BECKY,SBD,2018-06-15,1030,tarde
HUDS01,JOANNE,CFC,2018-06-15,750,tarde
KLEA01,BECKY,SHCM,2018-06-15,590,manha
MACV01,BECKY,SHCW,2018-06-15,900,tarde
OSES01,JJ,SHCW,2018-06-15,1100,noite
REIL01,BECKY,SBD,2018-06-15,790,tarde
ROBT01,JOANNE,CTU,2018-06-15,720,tarde
SCHC01,JOANNE,CALC,2018-06-15,840,tarde
SIRM01,BECKY,SBD,2018-06-15,540,manha
SPIJ01,BECKY,SHCM,2018-06-15,740,tarde
TAGS02,KELLY,CTU,2018-06-15,1020,tarde
TAGS02,KELLY,SHCW,2018-06-15,1090,noite
THOD01,JJ,SHCM,2018-06-15,670,manha
TINA01,JJ,SHCW,2018-06-15,840,tarde
TINA02,JJ,SHCW,2018-06-15,600,manha
VERR01,JJ,SHCW,2018-06-15,1040,tarde
WARG01,JJ,SBD,2018-06-15,900,tarde
WIL*01,JJ,SBD,2018-06-15,780,tarde
YANC01,JOANNE,CTU,2018-06-15,790,tarde
DEUD01,KELLY,SHCW,2018-06-16,670,manha
GARJ01,JOANNE,CFC,2018-06-16,600,manha
GARJ01,JJ,SHCW,2018-06-16,680,manha
MARG01,JJ,SHCM,2018-06-16,570,manha
MARM01,JOANNE,CFC,2018-06-16,900,tarde
MASR01,JJ,SBD,2018-06-16,510,manha
MAXI01,KELLY,SHCM,2018-06-16,630,manha
PHIJ01,JOANNE,CTU,2018-06-16,860,tarde
RICS01,JJ,SHCW,2018-06-16,800,tarde
ROPR01,KELLY,CBAL,2018-06-16,720,tarde
ROPR01,KELLY,SHCW,2018-06-16,860,tarde
SASA01,KELLY,SHCW,2018-06-16,920,tarde
SCHH01,JJ,SHCW,2018-06-16,620,manha
TAYE01,JJ,SHCM,2018-06-16,750,tarde
TUMM01,JOANNE,CTU,2018-06-16,540,manha
TUMM01,KELLY,SBD,2018-06-16,610,manha
BOTN01,BECKY,SHCM,2018-06-17,600,manha
BREH01,JJ,SHCW,2018-06-17,770,tarde
HUDM01,BECKY,SBD,2018-06-17,920,tarde
HUDS01,BECKY,SBD,2018-06-17,870,tarde
ROUT01,JJ,CDPB,2018-06-17,840,tarde
STOD01,BECKY,SHCM,2018-06-17,650,manha
WOOJ01,BECKY,SBD,2018-06-17,970,tarde
BROS02,BECKY,SHCM,2018-06-19,1080,noite
CHIC01,KELLY,SHCW,2018-06-19,990,tarde
DHAN01,JOANNE,CFC,2018-06-19,920,tarde
DHAN01,JJ,SBD,2018-06-19,1010,tarde
HOAS01,KELLY,SHCW,2018-06-19,880,tarde
HOFJ01,KELLY,SHCW,2018-06-19,1070,tarde
HOUN01,JJ,SHCW,2018-06-19,920,tarde
JOHM01,KELLY,SHCM,2018-06-19,930,tarde
KIRR01,BECKY,SHCM,2018-06-19,1130,noite
MACS01,JJ,MISC,2018-06-19,1080,noite
MELE01,BECKY,SHCM,2018-06-19,1030,tarde
MOOH01,JJ,CON,2018-06-19,720,tarde
MOSR01,JJ,SHCW,2018-06-19,1110,noite
NIZS01,BECKY,SHCW,2018-06-19,600,manha
RICP01,BECKY,SHCW,2018-06-19,720,tarde
SARA01,JJ,SHCM,2018-06-19,780,tarde
STEK02,KELLY,SBD,2018-06-19,610,manha
STEK02,KELLY,TRE 1,2018-06-19,650,manha
TAMA01,KELLY,CON,2018-06-19,1150,noite
TAYL01,JOANNE,CHLPL,2018-06-19,780,tarde
TRES01,BECKY,SHCM,2018-06-19,960,tarde
BORJ01,JJ,SHCM,2018-06-20,1110,noite
CARK01,KELLY,CTU,2018-06-20,960,tarde
CHIT01,JJ,SHCW,2018-06-20,600,manha
CORS01,JOANNE,CAL,2018-06-20,720,tarde
CORS01,JJ,SHCW,2018-06-20,800,tarde
KERT01,JJ,SHCW,2018-06-20,540,manha
MACD01,KELLY,SHCW,2018-06-20,780,tarde
POTR01,JJ,SHCM,2018-06-20,710,manha
SCHJ01,JJ,SHCM,2018-06-20,850,tarde
SCHJ01,JJ,CCAMO,2018-06-20,890,tarde
SLUS01,JJ,SHCM,2018-06-20,660,manha
TRIL01,JJ,SHCW,2018-06-20,900,tarde
VERM01,JJ,SHCW,2018-06-20,760,tarde
WAGM01,JOANNE,CTU,2018-06-20,630,manha
WAL*01,JJ,SHCW,2018-06-20,1050,tarde
WITC01,KELLY,SHCM,2018-06-20,630,manha
AINM01,JJ,SHCW,2018-06-21,760,tarde
BHAT01,BECKY,SHCW,2018-06-21,840,tarde
BURL01,JOANNE,CTU,2018-06-21,680,manha
BURL01,KELLY,SHCW,2018-06-21,760,tarde
BURT01,JJ,SHCM,2018-06-21,1020,tarde
COLG01,JOANNE,CALC,2018-06-21,630,manha
COLG01,BECKY,SBD,2018-06-21,730,tarde
DONN01,JJ,SBD,2018-06-21,510,manha
GHOP01,JOANNE,CTU,2018-06-21,600,manha
GHOP01,BECKY,SHCW,2018-06-21,670,manha
HENB01,JJ,SHCM,2018-06-21,970,tarde
HILE01,JJ,SHCW,2018-06-21,570,manha
JM01,KELLY,CON,2018-06-21,860,tarde
KOZC01,KELLY,SHCW,2018-06-21,720,tarde
KUKK01,BECKY,SBD,2018-06-21,770,tarde
LEEM01,JOANNE,CFC,2018-06-21,1000,tarde
LEEM01,JJ,SHCW,2018-06-21,1070,tarde
MANL01,BECKY,SHCW,2018-06-21,560,manha
MOLA01,JJ,SHCW,2018-06-21,910,tarde
RIHM01,BECKY,SBD,2018-06-21,510,manha
ROSD02,HOUSE,CON,2018-06-21,1080,noite
RUBA01,JJ,SHCW,2018-06-21,690,manha
RUTR01,JOANNE,CFC,2018-06-21,1080,noite
RUTR01,JJ,SHCW,2018-06-21,1140,noite
WYRC01,JOANNE,CTU,2018-06-21,720,tarde
ABL*01,BECKY,SHCM,2018-06-22,930,tarde
BUDG02,BECKY,SHCM,2018-06-22,1080,noite
CROB01,KELLY,SHCM,2018-06-22,1020,tarde
DSIC01,JJ,SHCW,2018-06-22,960,tarde
HILJ01,HOUSE,SBD5+1,2018-06-22,990,tarde
INFB01,KELLY,CON,2018-06-22,1090,noite
KATS01,KELLY,SHCW,2018-06-22,630,manha
KHUN01,KELLY,CON,2018-06-22,1060,tarde
KOEE01,KELLY,SHCM,2018-06-22,840,tarde
LIMB01,BECKY,SHCM,2018-06-22,1040,tarde
MURS01,BECKY,SHCM,2018-06-22,820,tarde
NGUS01,JJ,SHCW,2018-06-22,900,tarde
PANP01,KELLY,SHCW,2018-06-22,740,tarde
SIRM01,HOUSE,SBD5+1,2018-06-22,540,manha
WIL*01,JOANNE,CTU,2018-06-22,660,manha
WIL*01,JJ,SHCW,2018-06-22,740,tarde
WOOD02,JJ,SBD,2018-06-22,1150,noite
?A01,KELLY,SBD,2018-06-23,990,tarde
BENS02,JOANNE,CFC,2018-06-23,880,tarde
CONJ01,JJ,SHCW,2018-06-23,680,manha
ERWS01,JOANNE,CTU,2018-06-23,540,manha
ERWS01,JJ,SHCW,2018-06-23,610,manha
FIGM01,KELLY,CTU,2018-06-23,660,manha
HUAR01,KELLY,SBD,2018-06-23,560,manha
LEEO01,JOANNE,CALC,2018-06-23,760,tarde
REDM01,JJ,CON,2018-06-23,540,manha
RUDJ01,KELLY,SHCW,2018-06-23,940,tarde
SPRK01,JJ,SHCW,2018-06-23,480,manha
SUNS01,KELLY,CTU,2018-06-23,780,tarde
SUNS01,KELLY,SHCW,2018-06-23,850,tarde
TAYB01,JJ,SHCW,2018-06-23,780,tarde
TIEM01,KELLY,CDPB,2018-06-23,600,manha
TIEM01,KELLY,SHCM,2018-06-23,740,tarde
WOOJ01,JOANNE,CTU,2018-06-23,850,tarde
WOOJ01,JJ,SBD,2018-06-23,920,tarde
BRES01,JJ,SHCW,2018-06-26,650,manha
FANM01,JJ,SHCW,2018-06-26,1020,tarde
FER*01,BECKY,SHCW,2018-06-26,1050,tarde
FIND01,JOANNE,CHLPL,2018-06-26,840,tarde
FIND01,KELLY,SBD,2018-06-26,970,tarde
FRAM01,KELLY,SHCW,2018-06-26,1020,tarde
LEHF01,BECKY,SHCW,2018-06-26,730,tarde
LEM01,KELLY,CON,2018-06-26,1150,noite
LINJ01,JJ,SHCW,2018-06-26,540,manha
MARD01,BECKY,SHCW,2018-06-26,860,tarde
NELT01,JJ,SBD,2018-06-26,720,tarde
NIES02,JJ,SHCM,2018-06-26,600,manha
PARJ02,KELLY,SHCM,2018-06-26,660,manha
PENM01,JOANNE,CMT,2018-06-26,950,tarde
PENM01,BECKY,SBD,2018-06-26,1010,tarde
RICP01,KELLY,SBD,2018-06-26,820,tarde
STEK01,BECKY,SHCW,2018-06-26,660,manha
TRAJ01,JJ,SHCM,2018-06-26,960,tarde
VERD01,KELLY,SHCM,2018-06-26,900,tarde
YATT01,BECKY,SHCM,2018-06-26,600,manha
ZHAV01,JOANNE,CFC,2018-06-26,1050,tarde
ZUKS01,BECKY,SHCM,2018-06-26,800,tarde
BELK01,KELLY,CFC,2018-06-27,780,tarde
BERI01,JJ,SHCM,2018-06-27,480,manha
CARK01,KELLY,CTU,2018-06-27,1000,tarde
CARK01,KELLY,SHCM,2018-06-27,1050,tarde
COXH01,KELLY,SHCW,2018-06-27,810,tarde
GREB01,JJ,SHCM,2018-06-27,630,manha
HOLL01,JOANNE,CTU,2018-06-27,660,manha
HOLL01,BECKY,SBD,2018-06-27,740,tarde
HOWC01,JJ,SHCM,2018-06-27,780,tarde
LEWH02,KELLY,SBD,2018-06-27,630,manha
LYNG01,JJ,SHCM,2018-06-27,540,manha
MCCB01,BECKY,SHCM,2018-06-27,830,tarde
MESN01,BECKY,SBD,2018-06-27,660,manha
PARS01,BECKY,SHCW,2018-06-27,780,tarde
SHAS01,JJ,SHCM,2018-06-27,1020,tarde
STEH01,JJ,SHCM,2018-06-27,890,tarde
WOOD01,JOANNE,CTU,2018-06-27,600,manha
WOOD01,JJ,SHCW,2018-06-27,680,manha
YANM01,KELLY,SHCW,2018-06-27,920,tarde
ADAP01,KELLY,CFC,2018-06-28,990,tarde
ADAP01,KELLY,SHCW,2018-06-28,1060,tarde
BATP01,JJ,SHCM,2018-06-28,990,tarde
BENC01,JOANNE,CTU,2018-06-28,600,manha
BOTC01,BECKY,SHCW,2018-06-28,590,manha
BOTK01,JJ,SHCW,2018-06-28,590,manha
BOTS01,KELLY,SHCW,2018-06-28,720,tarde
BURD01,BECKY,SHCM,2018-06-28,1040,tarde
DOWR01,JJ,SBD,2018-06-28,1090,noite
DUFD01,JJ,SHCM,2018-06-28,530,manha
ELSM01,BECKY,SBD,2018-06-28,950,tarde
HOG*01,BECKY,SHCM,2018-06-28,900,tarde
KUKK01,HOUSE,SBD5+1,2018-06-28,480,manha
MAKM01,BECKY,SHCM,2018-06-28,990,tarde
RUBA01,JJ,CON,2018-06-28,1040,tarde
SIDA01,BECKY,SHCW,2018-06-28,650,manha
SILG01,JJ,SHCW,2018-06-28,900,tarde
WALT01,KELLY,SHCW,2018-06-28,1110,noite
WASS01,KELLY,SHCM,2018-06-28,1020,tarde
WEES01,JJ,CON,2018-06-28,960,tarde
YEHC01,JJ,SHCW,2018-06-28,770,tarde
APTM01,JJ,SHCM,2018-06-29,1050,tarde
COLG01,JJ,SHCW,2018-06-29,540,manha
COLR01,BECKY,SHCM,2018-06-29,630,manha
COLR02,BECKY,SHCM,2018-06-29,490,manha
FIOJ01,KELLY,SHCW,2018-06-29,990,tarde
FLEL01,BECKY,SHCM,2018-06-29,780,tarde
GREL01,BECKY,SHCW,2018-06-29,700,manha
HAMN01,JOANNE,CTU,2018-06-29,750,tarde
HAMN01,JJ,SHCW,2018-06-29,830,tarde
KALA01,JOANNE,CHLPHC,2018-06-29,810,tarde
KALA01,JJ,SHCW,2018-06-29,990,tarde
KLEA01,BECKY,SHCM,2018-06-29,590,manha
LEVL01,JJ,SHCW,2018-06-29,600,manha
MARK01,BECKY,CON,2018-06-29,1060,tarde
MCMC01,JJ,SHCW,2018-06-29,660,manha
MCWC01,KELLY,CBAL,2018-06-29,900,tarde
MCWC01,KELLY,SHCW,2018-06-29,1040,tarde
NGUS01,JOANNE,CALC,2018-06-29,600,manha
OGDJ01,BECKY,SHCW,2018-06-29,970,tarde
OHA*01,BECKY,SHCC,2018-06-29,830,tarde
OHAG01,JJ,SHCM,2018-06-29,780,tarde
SAVP01,JJ,SHCW,2018-06-29,720,tarde
SIRM01,BECKY,SBD,2018-06-29,540,manha
WANM01,BECKY,SHCW,2018-06-29,1080,noite
CASN01,BECKY,SBD,2018-06-30,480,manha
DELC01,BECKY,SHCM,2018-06-30,560,manha
DEYS01,BECKY,SHCW,2018-06-30,840,tarde
EZIR01,JJ,SHCW,2018-06-30,660,manha
FISV01,JOANNE,CFC,2018-06-30,690,manha
FISV01,BECKY,SHCW,2018-06-30,780,tarde
GOSD01,JOANNE,CHLPL,2018-06-30,600,manha
HAMA01,KELLY,SHCW,2018-06-30,600,manha
IRWE01,JOANNE,CTU,2018-06-30,540,manha
IRWE01,BECKY,SHCM,2018-06-30,610,manha
KRAV01,KELLY,CDPB,2018-06-30,870,tarde
KRAV01,KELLY,SMARTBOND,2018-06-30,900,tarde
KRAV01,KELLY,SHCW,2018-06-30,950,tarde
LAS01,JJ,SHCW,2018-06-30,850,tarde
LEHN01,JJ,SHCW,2018-06-30,600,manha
SKUD01,HOUSE,SBD5+1,2018-06-30,660,manha
TAMA01,KELLY,CBAL,2018-06-30,650,manha
TAMA01,KELLY,SMARTBOND,2018-06-30,740,tarde
TAMA01,KELLY,CT,2018-06-30,770,tarde
TAMA01,KELLY,SHCW,2018-06-30,820,tarde
TRAS02,JOANNE,CFC,2018-06-30,650,manha
WELN01,JJ,SBD,2018-06-30,910,tarde
WOOJ01,BECKY,SBD,2018-06-30,720,tarde
BROS01,BECKY,SBD,2018-07-03,600,manha
DHAS02,KELLY,CHLHH,2018-07-03,780,tarde
DHAS02,KELLY,SHCW,2018-07-03,870,tarde
ESKR01,JJ,CON,2018-07-03,630,manha
HILJ01,BECKY,SBD,2018-07-03,650,manha
JOHD01,BECKY,SHCM,2018-07-03,1140,noite
KIMH01,JJ,SHCW,2018-07-03,660,manha
KREJ01,BECKY,SHCW,2018-07-03,880,tarde
LAWJ01,BECKY,SHCM,2018-07-03,1020,tarde
LEHJ01,JJ,SHCM,2018-07-03,1080,noite
NICP01,BECKY,SHCM,2018-07-03,980,tarde
NORJ01,JJ,SHCM,2018-07-03,730,tarde
OWED01,BECKY,SHCM,2018-07-03,810,tarde
ROWD01,BECKY,SHCW,2018-07-03,1070,tarde
SUNS01,KELLY,CTU,2018-07-03,600,manha
TASJ01,JJ,SHCM,2018-07-03,840,tarde
TINA02,JOANNE,CHLPL,2018-07-03,660,manha
WONM02,JJ,SBD,2018-07-03,480,manha
ALVJ01,JJ,SHCW,2018-07-04,660,manha
ARRM01,JOANNE,CFC,2018-07-04,810,tarde
ARRM01,JJ,SBD,2018-07-04,890,tarde
COLG01,KELLY,SBD,2018-07-04,910,tarde
DAMK01,JOANNE,CTU,2018-07-04,900,tarde
DAMK01,KELLY,SHCW,2018-07-04,980,tarde
GELK01,JJ,SHCW,2018-07-04,780,tarde
GRET01,JJ,SHCM,2018-07-04,840,tarde
GROJ01,JJ,SHCM,2018-07-04,1070,tarde
OZDC02,JOANNE,CON,2018-07-04,1050,tarde
PANB01,KELLY,SHCM,2018-07-04,600,manha
PARD01,KELLY,SHCM,2018-07-04,660,manha
RIDY01,JOANNE,CHLPL,2018-07-04,600,manha
TANJ01,KELLY,SHCM,2018-07-04,840,tarde
TAYN01,JJ,SHCW,2018-07-04,720,tarde
VELA01,JJ,CON,2018-07-04,830,tarde
BANR01,JOANNE,CTU,2018-07-05,780,tarde
BANR01,BECKY,SBD,2018-07-05,870,tarde
BRAN01,BECKY,SHCM,2018-07-05,1020,tarde
BRIK01,JJ,SHCW,2018-07-05,940,tarde
CYRA01,BECKY,SHCW,2018-07-05,720,tarde
DEH01,JJ,SBD,2018-07-05,620,manha
DHOA01,JJ,SBD,2018-07-05,840,tarde
GALB01,JJ,SHCM,2018-07-05,1050,tarde
GRIA01,BECKY,SHCW,2018-07-05,610,manha
GUBD01,JJ,SHCM,2018-07-05,890,tarde
KIRJ01,KELLY,SHCM,2018-07-05,810,tarde
KOLK01,KELLY,SHCW,2018-07-05,1080,noite
POUG01,KELLY,SHCM,2018-07-05,870,tarde
SCHJ01,JJ,CCAMO,2018-07-05,660,manha
STOV01,JJ,SHCM,2018-07-05,570,manha
VALT01,KELLY,SHCM,2018-07-05,1140,noite
BEBY01,BECKY,SHCW,2018-07-06,870,tarde
BOYL01,BECKY,SHCW,2018-07-06,810,tarde
CALD01,JJ,SHCM,2018-07-06,840,tarde
CARK01,KELLY,SBD,2018-07-06,1060,tarde
CHMY01,BECKY,SHCW,2018-07-06,590,manha
GOSD01,JJ,SHCW,2018-07-06,900,tarde
HADD01,KELLY,SBD,2018-07-06,980,tarde
HIMB01,JJ,SHCW,2018-07-06,660,manha
LEM01,KELLY,CBAL,2018-07-06,680,manha
LEM01,KELLY,SHCW,2018-07-06,870,tarde
LIND01,JOANNE,CMT,2018-07-06,690,manha
LIND01,BECKY,SBD5+1,2018-07-06,770,tarde
MARO01,KELLY,SDUD,2018-07-06,600,manha
MCAJ01,JJ,SHCW,2018-07-06,780,tarde
MINA02,JOANNE,CT,2018-07-06,930,tarde
MINA02,BECKY,SHCW,2018-07-06,980,tarde
MOIB01,JOANNE,CTU,2018-07-06,900,tarde
MOIB01,JJ,SHCW,2018-07-06,970,tarde
MUMK01,JOANNE,CTU,2018-07-06,660,manha
MUMK01,JJ,SHCW,2018-07-06,730,tarde
ROBM01,JJ,MISC,2018-07-06,890,tarde
SHAM01,KELLY,SHCM,2018-07-06,790,tarde
SINM01,JJ,SHCW,2018-07-06,1030,tarde
SIRM01,BECKY,SBD,2018-07-06,540,manha
TERJ01,KELLY,SHCM,2018-07-06,1110,noite
THOD01,JJ,SHCM,2018-07-06,610,manha
?A01,KELLY,SBD,2018-07-07,790,tarde
ARRM01,JJ,SBD,2018-07-07,700,manha
BERH01,JJ,SHCW,2018-07-07,900,tarde
BREH01,JJ,SBD,2018-07-07,840,tarde
CASH01,JJ,CON,2018-07-07,540,manha
CHOK01,KELLY,SHCW,2018-07-07,680,manha
HUDM01,KELLY,SBD,2018-07-07,900,tarde
KINN01,JJ,SHCW,2018-07-07,560,manha
MACB01,JJ,CON,2018-07-07,880,tarde
MORD01,KELLY,SHCM,2018-07-07,840,tarde
NADS01,JOANNE,CTU,2018-07-07,860,tarde
PIJM01,KELLY,CBAL,2018-07-07,540,manha
PIJM01,KELLY,SHCW,2018-07-07,730,tarde
POIJ01,JOANNE,CFC,2018-07-07,730,tarde
SMIS01,JOANNE,CHLPL,2018-07-07,630,manha
SMIS01,JJ,SHCW,2018-07-07,750,tarde
SPEK01,JOANNE,CTU,2018-07-07,540,manha
SPEK01,JJ,SHCW,2018-07-07,620,manha
SQUN01,JJ,SHCM,2018-07-07,1020,tarde
STOD01,JJ,CON,2018-07-07,510,manha
WONM02,JOANNE,CMT,2018-07-07,890,tarde
WONM02,JJ,SBD,2018-07-07,960,tarde
ARRM01,BECKY,SMO,2018-07-10,870,tarde
BALO01,JJ,SHCW,2018-07-10,750,tarde
BESJ01,KELLY,SHCM,2018-07-10,1010,tarde
BUDG02,BECKY,SHCM,2018-07-10,1070,tarde
CLAM01,JJ,SHCW,2018-07-10,510,manha
DEAM01,KELLY,SHCM,2018-07-10,900,tarde
GRIP01,BECKY,SHCM,2018-07-10,600,manha
HILJ01,BECKY,SBD,2018-07-10,1020,tarde
HOLD01,BECKY,SHCW,2018-07-10,720,tarde
LANR01,KELLY,SHCM,2018-07-10,800,tarde
MART01,JOANNE,CTU,2018-07-10,660,manha
MART01,KELLY,SHCW,2018-07-10,750,tarde
MASA01,BECKY,SHCM,2018-07-10,650,manha
NIDN01,JOANNE,CFC,2018-07-10,1010,tarde
NIDN01,KELLY,SBD,2018-07-10,1090,noite
RICP01,BECKY,SHCW,2018-07-10,810,tarde
SCHP01,JOANNE,CTU,2018-07-10,1050,tarde
SCHP01,BECKY,SHCW,2018-07-10,1120,noite
SINS01,JJ,SHCM,2018-07-10,980,tarde
SINS02,KELLY,SHCM,2018-07-10,960,tarde
SMIL01,JJ,SHCM,2018-07-10,660,manha
TAYE01,JJ,SHCM,2018-07-10,1110,noite
WARG01,JJ,SHCW,2018-07-10,600,manha
WEIA01,JJ,SHCW,2018-07-10,840,tarde
WELN01,JJ,SHCW,2018-07-10,1050,tarde
WOOJ01,JOANNE,CTU,2018-07-10,1080,noite
WOOJ01,JJ,SBD,2018-07-10,1160,noite
CLAJ01,TANYA,SBD,2018-07-11,1020,tarde
COLG01,JOANNE,CTU,2018-07-11,760,tarde
COLG01,JJ,SBD,2018-07-11,840,tarde
DUFM01,KELLY,SHCM,2018-07-11,780,tarde
JACA01,JJ,SHCW,2018-07-11,600,manha
JARM01,JJ,SHCW,2018-07-11,880,tarde
KEAJ01,JJ,SHCW,2018-07-11,540,manha
KIMS01,JJ,SHCW,2018-07-11,660,manha
MCGA01,JJ,SHCW,2018-07-11,780,tarde
MUNJ01,KELLY,SHCC,2018-07-11,1010,tarde
MUNM01,JJ,SHCC,2018-07-11,1010,tarde
NICM01,JJ,SHCW,2018-07-11,950,tarde
PRIL01,JOANNE,CHLPL,2018-07-11,810,tarde
WICJ01,JJ,SHCM,2018-07-11,730,tarde
WONM02,JJ,SBD,2018-07-11,1050,tarde
BROF01,JOANNE,CALC,2018-07-12,680,manha
BROF01,KELLY,SBD,2018-07-12,770,tarde
BUSC01,JOANNE,CAL,2018-07-12,1020,tarde
BUSC01,JJ,SHCW,2018-07-12,1100,noite
DOWR01,BECKY,SBD,2018-07-12,1030,tarde
DUBO01,TANYA,CFC,2018-07-12,1020,tarde
FLAD01,BECKY,SHCM,2018-07-12,540,manha
GOUE01,BECKY,SHCW,2018-07-12,720,tarde
HENA01,JOANNE,CTU,2018-07-12,580,manha
HENA01,BECKY,SHCW,2018-07-12,660,manha
JACA01,JJ,CON,2018-07-12,1040,tarde
JARS01,JJ,SHCW,2018-07-12,980,tarde
LIMJ01,BECKY,SHCM,2018-07-12,850,tarde
MAEJ01,JOANNE,CFC,2018-07-12,640,manha
MAEJ01,JJ,SHCW,2018-07-12,720,tarde
MOOJ01,KELLY,SBD,2018-07-12,990,tarde
POLB01,BECKY,SHCW,2018-07-12,790,tarde
RIJR01,JJ,SHCM,2018-07-12,660,manha
SITB01,KELLY,SHCM,2018-07-12,810,tarde
SITB01,KELLY,CFC,2018-07-12,850,tarde
SPEC01,BECKY,SHCW,2018-07-12,930,tarde
STEC01,JJ,SHCW,2018-07-12,850,tarde
TAYD01,JJ,SHCW,2018-07-12,780,tarde
WAIS01,BECKY,SHCW,2018-07-12,600,manha
WRIM01,TANYA,SBD,2018-07-12,830,tarde
ZIMJ01,JJ,SHCM,2018-07-12,930,tarde
BARW01,JJ,SHCM,2018-07-13,930,tarde
BOWM01,JJ,SHCW,2018-07-13,570,manha
CAND01,JJ,SHCM,2018-07-13,760,tarde
CARB01,BECKY,SHCW,2018-07-13,780,tarde
DUFD01,JJ,CON,2018-07-13,630,manha
FREK01,BECKY,SHCW,2018-07-13,590,manha
KIMY01,JJ,SHCW,2018-07-13,690,manha
LYK01,KELLY,SHCW,2018-07-13,810,tarde
POOD01,BECKY,SHCM,2018-07-13,1020,tarde
ROZM01,JOANNE,CHLPL,2018-07-13,660,manha
SARK01,JOANNE,CALC,2018-07-13,730,tarde
SARK01,JJ,SHCW,2018-07-13,860,tarde
SIRM01,BECKY,SBD,2018-07-13,540,manha
SKUD01,BECKY,SBD,2018-07-13,960,tarde
WOOD02,JJ,SBD,2018-07-13,970,tarde
ARBA01,KELLY,SHCW,2018-07-14,540,manha
BINP01,JJ,SHCW,2018-07-14,560,manha
BROS01,BECKY,SBD,2018-07-14,740,tarde
CECA01,KELLY,SHCM,2018-07-14,760,tarde
COWL01,JOANNE,CHLPL,2018-07-14,810,tarde
COWL01,BECKY,SHCW,2018-07-14,910,tarde
CULT01,BECKY,SHCW,2018-07-14,790,tarde
DALR01,KELLY,SHCW,2018-07-14,860,tarde
FLAS01,JOANNE,CFC,2018-07-14,600,manha
FLAS01,BECKY,SHCW,2018-07-14,680,manha
HELJ01,BECKY,SHCM,2018-07-14,540,manha
HUTP01,JJ,SHCM,2018-07-14,860,tarde
LAIA01,TANYA,SBD,2018-07-14,830,tarde
LAMD01,JOANNE,CBAL,2018-07-14,640,manha
MOHM01,KELLY,SHCM,2018-07-14,630,manha
MUIK01,KELLY,SHCM,2018-07-14,590,manha
SHAA01,BECKY,SHCM,2018-07-14,590,manha
SMAN01,KELLY,SHCW,2018-07-14,810,tarde
TOBJ01,JJ,SHCW,2018-07-14,630,manha
TOPS01,BECKY,SHCW,2018-07-14,850,tarde
YAGL01,KELLY,SHCW,2018-07-14,940,tarde
BARJ01,BECKY,SHCM,2018-07-15,870,tarde
BROT01,BECKY,SHCW,2018-07-15,780,tarde
CONK01,BECKY,SHCW,2018-07-15,600,manha
HAMD01,BECKY,SHCM,2018-07-15,660,manha
NIKK01,JJ,SBD,2018-07-15,870,tarde
WONM02,JJ,SBD,2018-07-15,960,tarde
YATT01,BECKY,SHCM,2018-07-15,720,tarde
BOSJ01,BECKY,SHCW,2018-07-17,840,tarde
GROR01,JJ,SHCM,2018-07-17,1110,noite
GUYD01,BECKY,SHCM,2018-07-17,960,tarde
GUYD01,BECKY,CCAMO,2018-07-17,1010,tarde
HENB01,JJ,SHCM,2018-07-17,600,manha
HILJ01,JOANNE,CMT,2018-07-17,600,manha
HILJ01,BECKY,SBD,2018-07-17,670,manha
HYLK01,JJ,SHCW,2018-07-17,700,manha
JOHJ01,BECKY,SHCW,2018-07-17,1080,noite
JURS01,BECKY,SHCW,2018-07-17,1140,noite
KUKK01,BECKY,SBD,2018-07-17,720,tarde
KWOR01,KELLY,SHCM,2018-07-17,810,tarde
LEEP01,JJ,SHCM,2018-07-17,550,manha
PAE01,KELLY,CHLHHC,2018-07-17,850,tarde
PAE01,KELLY,SHCW,2018-07-17,970,tarde
PARJ01,KELLY,SHCM,2018-07-17,1020,tarde
PIPJ01,JJ,SHCM,2018-07-17,1060,tarde
RIHM01,BECKY,SBD,2018-07-17,1040,tarde
SARM01,JOANNE,CFC,2018-07-17,780,tarde
SARM01,JJ,SHCW,2018-07-17,860,tarde
STUM01,JOANNE,CALC,2018-07-17,900,tarde
THOW02,JJ,SHCM,2018-07-17,650,manha
TIML01,TANYA,SBD,2018-07-17,720,tarde
TRAS01,JOANNE,CHLPHC,2018-07-17,660,manha
YANC01,JOANNE,CTU,2018-07-17,820,tarde
BEZK01,JJ,SHCW,2018-07-18,710,manha
BOES01,JOANNE,CAL,2018-07-18,660,manha
ELSM01,JJ,SBD,2018-07-18,970,tarde
ELSM01,JJ,TRE 1,2018-07-18,1010,tarde
LEVL01,JJ,SBD,2018-07-18,620,manha
MANL01,JJ,SHCW,2018-07-18,780,tarde
PHIJ01,JJ,SHCW,2018-07-18,840,tarde
POTR01,JJ,SHCM,2018-07-18,1020,tarde
SLUS01,JJ,SHCM,2018-07-18,660,manha
STAT01,TANYA,SBD,2018-07-18,720,tarde
VARE01,JJ,SHCW,2018-07-18,910,tarde
BEAA02,JJ,SHCW,2018-07-19,960,tarde
BROS01,BECKY,SBD,2018-07-19,960,tarde
CHAE01,BECKY,SHCW,2018-07-19,900,tarde
COHH01,KELLY,SHCW,2018-07-19,720,tarde
COLG01,BECKY,SBD,2018-07-19,750,tarde
ESKR01,JJ,SHCW,2018-07-19,900,tarde
HEIM01,BECKY,SHCW,2018-07-19,840,tarde
HERD01,KELLY,SHCW,2018-07-19,1110,noite
HOLL01,JJ,SHCW,2018-07-19,830,tarde
JASA01,JJ,SHCW,2018-07-19,530,manha
KEIS01,BECKY,SHCW,2018-07-19,510,manha
LIMB01,BECKY,SHCM,2018-07-19,670,manha
NICL01,JOANNE,CHLPL,2018-07-19,1020,tarde
NICL01,JJ,SHCW,2018-07-19,1140,noite
SIDA01,BECKY,SHCW,2018-07-19,620,manha
SINJ01,JJ,SHCW,2018-07-19,660,manha
STEM02,JJ,SHCM,2018-07-19,590,manha
WIL*01,JOANNE,CTU,2018-07-19,660,manha
WIL*01,JJ,SHCW,2018-07-19,720,tarde
WOOJ02,BECKY,SHCM,2018-07-19,790,tarde
CRIV01,JJ,SHCW,2018-07-20,570,manha
CRIV01,JJ,SBD,2018-07-20,620,manha
DIRK01,KELLY,CHLHHC,2018-07-20,680,manha
DIRK01,KELLY,SHCW,2018-07-20,800,tarde
FAIL01,KELLY,SHCW,2018-07-20,600,manha
KLEA01,BECKY,SHCM,2018-07-20,580,manha
KOOM01,JJ,SHCW,2018-07-20,660,manha
LIND01,JOANNE,CMT,2018-07-20,660,manha
LIND01,BECKY,SBD,2018-07-20,730,tarde
LYL01,JJ,SHCW,2018-07-20,1090,noite
MARK01,BECKY,SHCW,2018-07-20,1090,noite
MAXI01,KELLY,SHCM,2018-07-20,1010,tarde
MCGD01,JJ,SHCW,2018-07-20,780,tarde
MOOE01,KELLY,SHCW,2018-07-20,960,tarde
MOOH01,JJ,SHCW,2018-07-20,840,tarde
MURS02,JOANNE,CHLPL,2018-07-20,830,tarde
PENM01,JOANNE,CMT,2018-07-20,960,tarde
PENM01,JJ,SBD,2018-07-20,1050,tarde
POLB01,BECKY,SBD,2018-07-20,770,tarde
POUG01,BECKY,SHCM,2018-07-20,880,tarde
ROBT01,JOANNE,CALC,2018-07-20,780,tarde
ROBT01,KELLY,SBD,2018-07-20,850,tarde
RUBH02,TANYA,CTU,2018-07-20,860,tarde
RUBH02,TANYA,SBD,2018-07-20,930,tarde
RUTR01,JOANNE,CTU,2018-07-20,1000,tarde
RUTR01,JJ,SBD,2018-07-20,1150,noite
SCHC01,JOANNE,CHLPL,2018-07-20,900,tarde
SENM01,BECKY,SHCW,2018-07-20,1030,tarde
SKUD01,BECKY,SHCW,2018-07-20,640,manha
STEB01,BECKY,SHCM,2018-07-20,960,tarde
THOW01,JJ,SHCW,2018-07-20,720,tarde
TOMA01,KELLY,SHCW,2018-07-20,900,tarde
?A01,KELLY,SBD,2018-07-21,860,tarde
ALLM01,JJ,SHCW,2018-07-21,670,manha
HYSA01,JJ,SHCM,2018-07-21,840,tarde
LEIG01,KELLY,CHLHH,2018-07-21,540,manha
LEIG01,KELLY,CON,2018-07-21,730,tarde
LELS01,KELLY,SBD,2018-07-21,600,manha
MARG01,JJ,SHCM,2018-07-21,570,manha
MCGA03,KELLY,SHCM,2018-07-21,690,manha
ROST01,JJ,SHCM,2018-07-21,800,tarde
RUGN01,TANYA,CTU,2018-07-21,540,manha
RUGN01,TANYA,SBD,2018-07-21,610,manha
SARA01,JJ,SHCM,2018-07-21,620,manha
SCHC01,JJ,SHCW,2018-07-21,510,manha
WONM02,JJ,SBD,2018-07-21,740,tarde
ABL*01,BECKY,SHCM,2018-07-24,960,tarde
AGOE01,JJ,SHCW,2018-07-24,660,manha
BISS01,BECKY,CON,2018-07-24,770,tarde
BORJ01,JJ,SHCM,2018-07-24,860,tarde
BROS02,BECKY,SHCM,2018-07-24,1080,noite
CARK01,KELLY,SBD,2018-07-24,1080,noite
CLAJ01,JJ,SHCW,2018-07-24,800,tarde
CLAM01,JOANNE,CTU,2018-07-24,750,tarde
DAS*01,KELLY,SHCM,2018-07-24,1050,tarde
DAWP01,BECKY,SHCW,2018-07-24,650,manha
GIEC01,JJ,SHCM,2018-07-24,1110,noite
KUKH01,JOANNE,CHLPL,2018-07-24,990,tarde
KUKH01,BECKY,SHCW,2018-07-24,1140,noite
KUKK01,BECKY,SBD,2018-07-24,720,tarde
LEES01,JJ,SHCW,2018-07-24,1050,tarde
MACA01,JOANNE,CALC,2018-07-24,900,tarde
MACA01,JJ,SHCW,2018-07-24,990,tarde
MELE01,BECKY,SHCM,2018-07-24,600,manha
ND01,BECKY,SHCM,2018-07-24,1010,tarde
NOTA01,BECKY,SBD,2018-07-24,890,tarde
TRUA01,JJ,SHCM,2018-07-24,910,tarde
TRUA02,KELLY,SHCM,2018-07-24,910,tarde
ATLB01,KELLY,SHCM,2018-07-25,1020,tarde
BENC01,JOANNE,CTU,2018-07-25,780,tarde
COLJ01,JJ,SHCM,2018-07-25,550,manha
DOWR01,TANYA,SBD,2018-07-25,810,tarde
GA01,TANYA,CTU,2018-07-25,1110,noite
GA01,TANYA,SBD,2018-07-25,1170,noite
GAGC01,JJ,SHCW,2018-07-25,900,tarde
GARJ02,JJ,SHCW,2018-07-25,960,tarde
HENI01,JJ,FRI,2018-07-25,730,tarde
KRAS01,KELLY,SHCW,2018-07-25,760,tarde
LAIA01,KELLY,SBD,2018-07-25,870,tarde
MCLI01,JJ,SHCM,2018-07-25,1100,noite
MOOJ01,KELLY,SBD,2018-07-25,960,tarde
NEEL01,JOANNE,CTU,2018-07-25,720,tarde
NEEL01,JJ,SHCW,2018-07-25,800,tarde
RADP01,KELLY,SHCW,2018-07-25,600,manha
RUTA01,JOANNE,CTU,2018-07-25,600,manha
RUTA01,JJ,SHCW,2018-07-25,670,manha
WOOJ01,JOANNE,CON,2018-07-25,960,tarde
WOOJ01,JJ,CON,2018-07-25,1150,noite
BRAN01,BECKY,SHCM,2018-07-26,540,manha
CAYK01,JOANNE,CFC,2018-07-26,1050,tarde
CAYK01,JOANNE,TRE 1,2018-07-26,1130,noite
CAYK01,KELLY,SHCW,2018-07-26,1150,noite
COLG01,JJ,SBD,2018-07-26,600,manha
GOOA02,BECKY,SHCW,2018-07-26,480,manha
HILJ01,BECKY,SBD,2018-07-26,870,tarde
JONC01,BECKY,SHCM,2018-07-26,1040,tarde
LYNG01,JJ,SHCM,2018-07-26,540,manha
MACR01,JJ,SHCM,2018-07-26,640,manha
MACT02,JJ,SHCC,2018-07-26,690,manha
MAKM01,BECKY,SHCM,2018-07-26,990,tarde
MILJ01,JJ,SBD,2018-07-26,1120,noite
MOOJ01,KELLY,CHLHH,2018-07-26,870,tarde
SCHJ02,JJ,SHCM,2018-07-26,820,tarde
SCOL01,BECKY,SHCW,2018-07-26,920,tarde
SIRM01,BECKY,SBD,2018-07-26,600,manha
SKUT01,BECKY,SHCW,2018-07-26,750,tarde
SMIC01,BECKY,SHCW,2018-07-26,690,manha
SMIL01,JJ,SHCM,2018-07-26,720,tarde
TASR01,JOANNE,CCO,2018-07-26,780,tarde
TASR01,JOANNE,SMARTBOND,2018-07-26,820,tarde
THOD01,JJ,SHCM,2018-07-26,890,tarde
VERD01,KELLY,SHCM,2018-07-26,1030,tarde
WEEJ01,JJ,SBD,2018-07-26,780,tarde
AMAB01,KELLY,SHCM,2018-07-27,960,tarde
CHMY01,BECKY,SHCW,2018-07-27,650,manha
CHUJ01,HOUSE,SBD5+1,2018-07-27,1080,noite
DUFD01,JJ,SHCM,2018-07-27,690,manha
GRIF01,JOANNE,CTU,2018-07-27,780,tarde
GRIF01,JJ,SHCW,2018-07-27,870,tarde
JAMM01,BECKY,SHCM,2018-07-27,840,tarde
JONE01,KELLY,CBAL,2018-07-27,600,manha
JONE01,KELLY,SBD,2018-07-27,770,tarde
KENJ01,KELLY,SBD,2018-07-27,990,tarde
KUCM02,JJ,SHCW,2018-07-27,1050,tarde
LEAS01,JOANNE,CAL,2018-07-27,660,manha
LINM01,JOANNE,CHLPL,2018-07-27,880,tarde
LINM01,JJ,SHCW,2018-07-27,990,tarde
LOSC01,KELLY,SHCW,2018-07-27,810,tarde
LYOH01,BECKY,SHCW,2018-07-27,890,tarde
MARR01,JJ,SHCW,2018-07-27,930,tarde
MCKT01,BECKY,SHCW,2018-07-27,1020,tarde
MERM01,BECKY,SHCM,2018-07-27,710,manha
PN01,KELLY,SHCM,2018-07-27,1030,tarde
SCHJ01,JJ,SHCM,2018-07-27,740,tarde
SCHJ01,JJ,CCAMO,2018-07-27,790,tarde
SKUD01,BECKY,SBD,2018-07-27,600,manha
STEL02,BECKY,SHCM,2018-07-27,970,tarde
THIA01,KELLY,SHCW,2018-07-27,1080,noite
WOOD02,JJ,SBD,2018-07-27,1110,noite
ZIMJ01,JJ,CON,2018-07-27,670,manha
BOTN01,BECKY,SHCM,2018-07-28,540,manha
BROS01,BECKY,SBD,2018-07-28,970,tarde
BURT01,JOANNE,CAL,2018-07-28,780,tarde
BURT01,JJ,SHCM,2018-07-28,850,tarde
COAJ01,JOANNE,CHLHHC,2018-07-28,810,tarde
COAJ01,BECKY,SHCW,2018-07-28,910,tarde
DD01,KELLY,SBD,2018-07-28,950,tarde
HOC01,KELLY,CT,2018-07-28,540,manha
HOC01,KELLY,SHCW,2018-07-28,600,manha
IRWE01,JOANNE,CTU,2018-07-28,590,manha
IRWE01,BECKY,SHCM,2018-07-28,660,manha
JOYA01,BECKY,SHCW,2018-07-28,590,manha
KELA01,JJ,SDUD,2018-07-28,480,manha
KELR01,BECKY,SBD,2018-07-28,480,manha
KOMK01,KELLY,SHCW,2018-07-28,740,tarde
MARM01,JOANNE,CFC,2018-07-28,900,tarde
NELT01,BECKY,SBD,2018-07-28,870,tarde
NEML01,JJ,SBD,2018-07-28,950,tarde
PERB01,JJ,SBD,2018-07-28,900,tarde
RUMJ02,JOANNE,CHLPL,2018-07-28,540,manha
SARK01,JOANNE,CON,2018-07-28,690,manha
TOLM01,KELLY,SHCW,2018-07-28,900,tarde
ALIA01,BECKY,SHCM,2018-07-29,720,tarde
APTM01,JJ,SHCM,2018-07-29,660,manha
KOOM02,JJ,SHCM,2018-07-29,720,tarde
RIHM01,BECKY,SBD,2018-07-29,960,tarde
SEEK01,BECKY,SBD,2018-07-29,870,tarde
SPIJ01,BECKY,SHCM,2018-07-29,660,manha
TYRA01,JJ,SHCW,2018-07-29,780,tarde
WONM02,JJ,SBD,2018-07-29,960,tarde
BIAB01,KELLY,CHLPL,2018-07-31,660,manha
BIAB01,KELLY,SHCW,2018-07-31,750,tarde
GHOP01,JOANNE,CALC,2018-07-31,680,manha
GHOP01,BECKY,SHCW,2018-07-31,770,tarde
HENK01,JOANNE,CHLPL,2018-07-31,1050,tarde
HENK01,JJ,SHCW,2018-07-31,1150,noite
KUKK01,JOANNE,CALC,2018-07-31,990,tarde
KUKK01,BECKY,SHCW,2018-07-31,1090,noite
LINR01,JJ,SHCW,2018-07-31,780,tarde
SARK01,JOANNE,CHLFH,2018-07-31,810,tarde
TAYL01,JOANNE,CHLFH,2018-07-31,730,tarde
ARRM01,JOANNE,CTU,2018-08-01,600,manha
ARRM01,JJ,SHCW,2018-08-01,670,manha
COLG01,JOANNE,CTU,2018-08-01,870,tarde
COLG01,JJ,SHCW,2018-08-01,940,tarde
GALB01,JJ,SHCM,2018-08-01,1050,tarde
SLEA01,JJ,SHCM,2018-08-01,750,tarde
BUDG02,BECKY,SHCM,2018-08-02,1030,tarde
CEEJ01,JJ,SHCW,2018-08-02,600,manha
ERWS01,JOANNE,CALC,2018-08-02,1020,tarde
ERWS01,JJ,SHCW,2018-08-02,1120,noite
MICK02,TANYA,CON,2018-08-02,540,manha
REIM01,BECKY,SHCM,2018-08-02,750,tarde
STOD01,BECKY,SHCM,2018-08-02,480,manha
BROS01,BECKY,SHCW,2018-08-03,640,manha
CHEW01,JJ,SHCW,2018-08-03,600,manha
KRAV01,KELLY,CDPB,2018-08-03,720,tarde
KRAV01,KELLY,SMARTBOND,2018-08-03,750,tarde
MESN01,BECKY,SBD,2018-08-03,1030,tarde
NICP01,BECKY,SHCM,2018-08-03,980,tarde
SIRM01,BECKY,SBD,2018-08-03,540,manha
YATT01,BECKY,SHCM,2018-08-03,590,manha
KOSI01,JOANNE,CTU,2018-08-04,630,manha
KOSI01,JJ,SHCW,2018-08-04,710,manha
MOLA01,JJ,SHCW,2018-08-04,630,manha
TUMM01,JOANNE,CTU,2018-08-04,540,manha
TUMM01,KELLY,SHCW,2018-08-04,620,manha
WONM02,JJ,SBD,2018-08-04,960,tarde
JOHD01,BECKY,SHCM,2018-08-07,1140,noite
LAWJ01,BECKY,SHCM,2018-08-07,1020,tarde
LEHJ01,JJ,SHCM,2018-08-07,1080,noite
MARD01,BECKY,SHCW,2018-08-07,600,manha
OWED01,BECKY,SHCM,2018-08-07,810,tarde
SKUD01,BECKY,SBD,2018-08-07,660,manha
WOOJ01,BECKY,SBD,2018-08-07,1100,noite
COLG01,JJ,SBD,2018-08-08,540,manha
LEEO01,JOANNE,CTU,2018-08-08,630,manha
POTR01,JJ,SHCM,2018-08-08,1080,noite
TAYJ01,JJ,SHCW,2018-08-08,1020,tarde
WOOD01,JOANNE,CTU,2018-08-08,600,manha
WOOD01,JJ,SHCW,2018-08-08,670,manha
BANR01,JOANNE,CTU,2018-08-09,600,manha
BANR01,BECKY,SBD,2018-08-09,690,manha
BROS01,BECKY,SBD,2018-08-09,840,tarde
CARB01,BECKY,FRI,2018-08-09,1070,tarde
GELK01,JJ,SHCW,2018-08-09,790,tarde
MESN01,BECKY,SBD,2018-08-09,540,manha
SIDA01,BECKY,SHCW,2018-08-09,620,manha
TAYN01,JJ,SHCW,2018-08-09,690,manha
FLEL01,BECKY,SHCM,2018-08-10,900,tarde
HAMN01,JOANNE,CALC,2018-08-10,700,manha
LEGB01,KELLY,SHCW,2018-08-10,1080,noite
LIND01,JOANNE,CFC,2018-08-10,750,tarde
LIND01,BECKY,SBD,2018-08-10,840,tarde
MARK01,BECKY,CON,2018-08-10,1070,tarde
PENM01,JOANNE,CFC,2018-08-10,660,manha
PENM01,BECKY,SBD,2018-08-10,750,tarde
SIRM01,BECKY,SBD,2018-08-10,540,manha
BYRP01,BECKY,SHCW,2018-08-11,480,manha
SHAA01,BECKY,SHCM,2018-08-11,600,manha
YANC01,JOANNE,CTU,2018-08-11,600,manha
BRAN01,BECKY,SHCM,2018-08-12,660,manha
GRIA01,BECKY,SHCW,2018-08-14,600,manha
GRIP01,BECKY,SHCM,2018-08-14,670,manha
KIRJ01,KELLY,SHCM,2018-08-14,490,manha
MOIB01,JOANNE,CTU,2018-08-14,1020,tarde
PIPJ01,JJ,SHCM,2018-08-14,1060,tarde
SMIL01,JJ,SHCM,2018-08-14,540,manha
VERD01,KELLY,SHCM,2018-08-14,900,tarde
WEIA01,JJ,SHCW,2018-08-14,870,tarde
WONM02,JJ,SBD,2018-08-14,480,manha
DOLD01,JJ,SHCW,2018-08-15,900,tarde
GOSD01,JOANNE,CHLPL,2018-08-15,600,manha
GOSD01,JJ,SHCW,2018-08-15,700,manha
LEVL01,JJ,SHCW,2018-08-15,600,manha
JOHJ01,JOANNE,CHLPL,2018-08-16,1050,tarde
RICP01,BECKY,SHCW,2018-08-16,480,manha
SLUS01,JJ,SHCM,2018-08-16,660,manha
WIL*01,JOANNE,CTU,2018-08-16,630,manha
WIL*01,JJ,SHCW,2018-08-16,710,manha
BROS01,BECKY,SBD,2018-08-17,590,manha
CAND01,JJ,SHCM,2018-08-17,840,tarde
CAND01,JJ,CCAMO,2018-08-17,890,tarde
DANJ03,JJ,SHCW,2018-08-17,600,manha
HOLL01,JOANNE,CALC,2018-08-17,750,tarde
HOLL01,TANYA,SBD,2018-08-17,850,tarde
KLEA01,BECKY,SHCM,2018-08-17,630,manha
MUMK01,JOANNE,CTU,2018-08-17,720,tarde
MUMK01,JJ,SHCW,2018-08-17,790,tarde
PARS01,JOANNE,CHLPL,2018-08-17,660,manha
PARS01,BECKY,SHCW,2018-08-17,780,tarde
SCHP01,JOANNE,CAL,2018-08-17,840,tarde
SCHP01,BECKY,SHCW,2018-08-17,900,tarde
SIRM01,BECKY,SBD,2018-08-17,540,manha
BOTJ01,JJ,SHCW,2018-08-18,900,tarde
SPEK01,JOANNE,CTU,2018-08-18,600,manha
SPEK01,JJ,SHCW,2018-08-18,680,manha
WONM02,JJ,SBD,2018-08-18,960,tarde
BURL01,JOANNE,CHLPHC,2018-08-21,660,manha
HENB01,JJ,SHCM,2018-08-21,650,manha
NIES02,JJ,SHCM,2018-08-21,600,manha
.L01,JJ,SHCW,2018-08-22,660,manha
BROS01,BECKY,SBD,2018-08-23,840,tarde
HERD01,KELLY,SHCW,2018-08-23,1110,noite
LYNG01,JJ,SHCM,2018-08-23,540,manha
MAKM01,BECKY,SHCM,2018-08-23,990,tarde
ANDE03,KELLY,SHCW,2018-08-24,660,manha
BORJ01,JJ,SHCM,2018-08-24,1020,tarde
SIRM01,BECKY,SBD,2018-08-24,540,manha
FZUA01,BECKY,SHCW,2018-08-25,900,tarde
HELJ01,BECKY,SHCM,2018-08-25,620,manha
IRWE01,JOANNE,CTU,2018-08-25,590,manha
IRWE01,BECKY,SHCM,2018-08-25,670,manha
MARG01,JJ,SHCM,2018-08-25,570,manha
METJ01,BECKY,SHCW,2018-08-25,550,manha
METJ01,BECKY,TRE 1,2018-08-25,610,manha
SARA01,JJ,SHCM,2018-08-25,620,manha
WONM02,JJ,SBD,2018-08-26,960,tarde
BROS02,BECKY,SHCM,2018-08-28,1100,noite
FLAD01,BECKY,SHCM,2018-08-28,1050,tarde
FLAS01,JOANNE,CFC,2018-08-28,1050,tarde
FLAS01,BECKY,SHCW,2018-08-28,1140,noite
MELE01,BECKY,SHCM,2018-08-28,600,manha
BENC01,JOANNE,CTU,2018-08-29,900,tarde
COLJ01,JJ,SHCM,2018-08-29,550,manha
BROS01,BECKY,SBD,2018-08-30,840,tarde
SIDA01,BECKY,SHCW,2018-08-30,620,manha
BERI01,JJ,SHCM,2018-08-31,540,manha
BOTN01,BECKY,SHCM,2018-08-31,590,manha
KINN01,JJ,SHCW,2018-08-31,720,tarde
KOOM01,JJ,SHCW,2018-08-31,660,manha
SCHC01,JOANNE,CHLPL,2018-08-31,900,tarde
SIRM01,BECKY,SBD,2018-08-31,540,manha
SMIS01,JOANNE,CHLFH,2018-09-01,630,manha
SMIS01,JJ,SHCW,2018-09-01,750,tarde
WONM02,JJ,SBD,2018-09-01,960,tarde
BROS01,BECKY,SBD,2018-09-04,840,tarde
NELT01,BECKY,SBD,2018-09-04,600,manha
SMIC01,BECKY,SHCW,2018-09-06,1020,tarde
SIRM01,BECKY,SBD,2018-09-07,540,manha
CHIT01,JJ,SHCW,2018-09-08,960,tarde
MARM01,JOANNE,CFC,2018-09-08,900,tarde
NELT01,BECKY,SBD,2018-09-09,660,manha
WONM02,JJ,SBD,2018-09-09,960,tarde
BROS01,BECKY,SBD,2018-09-11,840,tarde
HEIM01,BECKY,SHCW,2018-09-11,960,tarde
SLUS01,JJ,SHCM,2018-09-12,660,manha
LYNG01,JJ,SHCM,2018-09-13,540,manha
CHEW01,JJ,SHCW,2018-09-14,600,manha
SIRM01,BECKY,SBD,2018-09-14,540,manha
WONM02,JJ,SBD,2018-09-15,960,tarde
BROS01,TANYA,SBD,2018-09-18,840,tarde
KUCM02,JJ,SHCW,2018-09-21,1050,tarde
PAE01,KELLY,CHLPL,2018-09-21,960,tarde
PAE01,KELLY,CT,2018-09-21,1040,tarde
SARM01,JOANNE,CFC,2018-09-21,660,manha
SARM01,JJ,SHCW,2018-09-21,740,tarde
SIRM01,BECKY,SBD,2018-09-21,540,manha
WEIA01,JJ,SHCW,2018-09-21,810,tarde
GREC01,KELLY,SBD,2018-09-22,630,manha
GREL01,BECKY,SBD,2018-09-22,630,manha
RUMJ02,JOANNE,CHLPL,2018-09-22,600,manha
RUMJ02,JJ,SHCW,2018-09-22,690,manha
WANM01,BECKY,SHCW,2018-09-23,840,tarde
WONM02,JJ,SBD,2018-09-23,960,tarde
SIDA01,BECKY,SHCW,2018-09-25,620,manha
BROS01,BECKY,SBD,2018-09-28,780,tarde
SIRM01,BECKY,SBD,2018-09-28,540,manha
BURT01,JOANNE,CALC,2018-09-29,540,manha
BURT01,JJ,SHCM,2018-09-29,610,manha
SLUS01,JJ,SHCM,2018-10-10,660,manha
KOOM01,JJ,SHCW,2018-10-12,660,manha
CHEW01,JJ,SHCW,2018-11-02,600,manha
SLUS01,JJ,SHCM,2018-11-07,660,manha
KOOM01,JJ,SHCW,2018-11-23,660,manha
SLUS01,JJ,SHCM,2018-12-05,670,manha
CHEW01,JJ,SHCW,2018-12-21,600,manha
KOOM01,JJ,SHCW,2019-01-04,660,manha
KOOM01,JJ,SHCW,2019-02-15,660,manha
