cliente,qte_faltas,moda_servico_faltante,moda_staff_faltante,moda_servico_cancelado,moda_staff_cancelado,moda_staff_cancelador_cancelado,antecedencia,qte_cancelamento,qte_servicos_por_dia,moda_staff_prestou_servico,moda_dia,mean,median,std,max,min,frequencia
KERT01,0.0,,,,,,,0.0,1.3333333333333333,JJ,Tuesday,89.0,92.0,15.790292376436016,102.0,70.0,4
COOM01,0.0,,,,,,,0.0,1.0,BECKY,Friday,75.0,75.0,7.0710678118654755,80.0,70.0,2
PEDM01,0.0,,,,,,,0.0,1.0,BECKY,Saturday,30.0,30.0,42.42640687119285,60.0,0.0,2
BAIS01,0.0,,,,,,,0.0,1.0,KELLY,Saturday,55.0,55.0,,55.0,55.0,1
FRAL01,0.0,,,,,,,0.0,2.0,JOANNE,Saturday,70.0,70.0,7.0710678118654755,75.0,65.0,2
LEVL01,0.0,,,,,,,0.0,1.0,JJ,Friday,71.5,92.0,48.590122453025366,102.0,0.0,4
JASA01,0.0,,,,,,,0.0,1.3333333333333333,JJ,Saturday,111.0,92.0,108.69529275302894,260.0,0.0,4
CHOT01,0.0,,,,,,,0.0,2.0,KELLY,Saturday,35.0,35.0,14.142135623730951,45.0,25.0,2
KUZD01,0.0,,,,,,,0.0,2.0,JOANNE,Saturday,62.5,62.5,3.5355339059327378,65.0,60.0,2
TINT01,0.0,,,,,,,0.0,1.0,BECKY,Thursday,30.0,30.0,,30.0,30.0,1
NEMM01,0.0,,,,,,,0.0,1.0,JJ,Saturday,82.0,82.0,,82.0,82.0,1
OBRK01,0.0,,,,,,,0.0,1.0,KELLY,Saturday,35.0,35.0,,35.0,35.0,1
PER*01,0.0,,,,,,,0.0,1.5,JJ,Thursday,47.208333333333336,42.760000000000005,20.244322084640586,82.0,30.0,6
LEEP01,0.0,,,,,,,0.0,1.0,JJ,Tuesday,53.333333333333336,60.0,11.547005383792515,60.0,40.0,3
NELT01,0.0,,,SBD,SINEAD,SBD,2.5,4.0,1.0,SINEAD,Wednesday,68.83333333333333,50.0,58.58611894752317,250.0,30.0,12
LEL01,0.0,,,,,,,0.0,2.0,KELLY,Tuesday,42.7,42.7,10.889444430272828,50.4,35.0,2
MORB01,0.0,,,,,,,0.0,2.0,JJ,Friday,78.16666666666667,77.5,23.549239195070967,102.0,40.0,6
ALCV01,0.0,,,,,,,0.0,2.0,KELLY,Tuesday,73.75,50.0,65.36755056346128,170.0,25.0,4
SCHJ01,0.0,,,CCAMO,JJ,CCAMO,3.0,2.0,1.8333333333333333,JJ,Tuesday,38.18181818181818,45.0,25.42368258855582,60.0,0.0,11
CLAM01,0.0,,,,,,,0.0,1.0,JJ,Friday,121.0,121.0,55.154328932550705,160.0,82.0,2
LINM02,0.0,,,,,,,0.0,1.5,JJ,Tuesday,71.57666666666667,82.0,36.76054451899935,102.0,30.73,3
TAYL02,0.0,,,,,,,0.0,1.0,JJ,Tuesday,82.0,82.0,,82.0,82.0,1
PIPJ01,0.0,,,,,,,0.0,1.0,JJ,Tuesday,53.333333333333336,60.0,11.547005383792515,60.0,40.0,3
MCCK01,0.0,,,,,,,0.0,1.0,KELLY,Tuesday,55.0,55.0,,55.0,55.0,1
DAJR01,0.0,,,,,,,0.0,2.0,JJ,Tuesday,83.5,83.5,12.020815280171307,92.0,75.0,2
KULR01,0.0,,,,,,,0.0,1.0,BECKY,Friday,67.5,67.5,10.606601717798213,75.0,60.0,2
GIAL01,0.0,,,,,,,0.0,2.0,JJ,Tuesday,121.0,121.0,41.012193308819754,150.0,92.0,2
WICJ01,0.0,,,,,,,0.0,1.0,JJ,Wednesday,40.0,40.0,,40.0,40.0,1
FELH01,0.0,,,,,,,0.0,1.0,JJ,Tuesday,92.0,92.0,14.142135623730951,102.0,82.0,2
HOLL01,0.0,,,SBD,BECKY,SBD,2.0,2.0,1.2727272727272727,SINEAD,Thursday,70.5,51.0,46.48862557327661,225.0,45.0,14
BELK01,0.0,,,,,,,0.0,1.0,KELLY,Wednesday,60.0,60.0,7.0710678118654755,65.0,55.0,2
NEEL01,0.0,,,,,,,0.0,2.0,JJ,Thursday,76.0,81.0,27.47119703738202,102.0,40.0,4
LIND01,0.0,,,,,,,0.0,2.0,JJ,Wednesday,83.5,83.5,12.020815280171307,92.0,75.0,2
ELSM01,0.0,,,,,,,0.0,1.25,BECKY,Thursday,40.69,50.0,15.70845313835834,55.0,18.45,5
SHIG01,0.0,,,,,,,0.0,1.6666666666666667,JJ,Thursday,86.8,100.0,51.95382565317014,140.0,0.0,5
MINA01,0.0,,,,,,,0.0,1.0,JJ,Tuesday,82.0,82.0,0.0,82.0,82.0,2
WARN01,0.0,,,,,,,0.0,1.0,BECKY,Friday,45.0,45.0,21.213203435596427,60.0,30.0,2
MAKP01,0.0,,,,,,,0.0,1.0,KELLY,Wednesday,35.0,35.0,,35.0,35.0,1
COLJ02,0.0,,,,,,,0.0,2.0,JJ,Wednesday,58.7,58.7,32.95117600329312,82.0,35.4,2
SHAA01,0.0,,,,,,,0.0,1.0,SINEAD,Thursday,46.666666666666664,50.0,10.408329997330664,55.0,35.0,3
WALK_IN,0.0,,,,,,,0.0,1.7058823529411764,BECKY,Saturday,33.22551724137931,37.52,17.349397393035815,56.0,0.0,29
FLAD01,0.0,,,,,,,0.0,1.0,BECKY,Thursday,42.5,42.5,10.606601717798213,50.0,35.0,2
KUKK01,1.0,CON,SINEAD,SBD,BECKY,SBD,7.0,2.0,1.125,SINEAD,Thursday,104.66666666666667,50.0,88.85943956609225,250.0,42.0,9
MACM01,0.0,,,,,,,0.0,1.0,JOANNE,Thursday,140.0,140.0,,140.0,140.0,1
MCNR01,0.0,,,,,,,0.0,1.0,KELLY,Thursday,35.0,35.0,,35.0,35.0,1
MCND01,0.0,,,,,,,0.0,1.0,BECKY,Saturday,17.5,17.5,24.748737341529164,35.0,0.0,2
NOWT01,0.0,,,,,,,0.0,1.0,JJ,Friday,92.0,92.0,14.142135623730951,102.0,82.0,2
HILJ01,0.0,,,CFC,JOANNE,CFC,0.6666666666666666,3.0,1.2222222222222223,SINEAD,Friday,86.36363636363636,50.0,76.3246653805606,250.0,50.0,11
WONM02,0.0,,,,,,,0.0,1.0,JJ,Saturday,101.55555555555556,52.0,91.73754835277525,260.0,32.0,9
?A01,0.0,,,,,,,0.0,1.0,KELLY,Saturday,45.0,45.0,14.142135623730951,55.0,35.0,2
DES01,0.0,,,,,,,0.0,1.0,BECKY,Thursday,60.0,60.0,,60.0,60.0,1
TSAR01,0.0,,,,,,,0.0,1.0,JJ,Thursday,50.0,50.0,14.142135623730951,60.0,40.0,2
MARA01,0.0,,,,,,,0.0,1.0,BECKY,Thursday,75.0,75.0,7.0710678118654755,80.0,70.0,2
HACL01,0.0,,,,,,,0.0,1.0,JJ,Thursday,82.0,82.0,,82.0,82.0,1
SUPR01,0.0,,,,,,,0.0,1.0,BECKY,Thursday,30.0,30.0,,30.0,30.0,1
STAD01,0.0,,,,,,,0.0,1.0,KELLY,Thursday,25.0,25.0,,25.0,25.0,1
BOOR01,0.0,,,,,,,0.0,1.0,JJ,Thursday,82.0,82.0,,82.0,82.0,1
CAYK01,0.0,,,,,,,0.0,3.0,JOANNE,Saturday,50.38666666666667,52.0,20.368471346667132,70.0,20.0,9
TOMV01,0.0,,,,,,,0.0,1.0,JJ,Thursday,32.0,32.0,,32.0,32.0,1
FAUA01,0.0,,,,,,,0.0,2.0,KELLY,Thursday,45.0,45.0,0.0,45.0,45.0,2
KUMA01,0.0,,,,,,,0.0,1.0,KELLY,Thursday,55.0,55.0,,55.0,55.0,1
BRAN01,0.0,,,,,,,0.0,1.0,SINEAD,Friday,40.0,35.0,8.660254037844387,50.0,35.0,3
DANJ03,0.0,,,,,,,0.0,1.0,JJ,Friday,67.0,67.0,21.213203435596427,82.0,52.0,2
BREM01,0.0,,,,,,,0.0,1.0,SINEAD,Thursday,48.333333333333336,55.0,11.547005383792515,55.0,35.0,3
COLJ01,0.0,,,,,,,0.0,1.0,JJ,Friday,53.333333333333336,60.0,11.547005383792516,60.0,40.0,3
KLEA01,0.0,,,,,,,0.0,1.2,BECKY,Friday,43.13333333333333,50.0,10.644560426183254,50.0,28.8,6
COLG01,0.0,,,,,,,0.0,1.2727272727272727,BECKY,Friday,64.0,50.0,27.015664971385657,140.0,50.0,14
TINA02,0.0,,,,,,,0.0,1.0,JJ,Friday,82.0,82.0,,82.0,82.0,1
THOD01,0.0,,,,,,,0.0,1.25,JJ,Friday,52.279999999999994,60.0,10.582627273035747,60.0,40.0,5
CRAY01,0.0,,,,,,,0.0,2.0,KELLY,Friday,46.4,46.4,12.16223663640862,55.0,37.8,2
SIRM01,0.0,,,,,,,0.0,1.0,BECKY,Friday,91.0,50.0,84.64960458003071,250.0,30.0,10
CHEW01,0.0,,,,,,,0.0,1.0,JJ,Friday,61.333333333333336,82.0,54.04936015655813,102.0,0.0,3
SPIJ01,0.0,,,,,,,0.0,1.0,BECKY,Friday,40.0,40.0,14.142135623730951,50.0,30.0,2
ROBT01,0.0,,,,,,,0.0,1.0,JOANNE,Friday,105.0,105.0,49.49747468305833,140.0,70.0,2
WIL*01,0.0,,,SHCW,JJ,SHCW,2.0,1.0,1.6666666666666667,JJ,Friday,75.2,70.0,21.194338866782328,102.0,52.0,5
REIL01,0.0,,,,,,,0.0,1.0,BECKY,Friday,57.333333333333336,52.0,11.015141094572204,70.0,50.0,3
HUDS01,0.0,,,,,,,0.0,1.25,JJ,Sunday,65.67999999999999,59.4,16.673691852736155,85.0,50.0,5
TINA01,0.0,,,,,,,0.0,1.5,JJ,Friday,70.93333333333334,82.0,37.8340234885656,102.0,28.8,3
YANC01,0.0,,,,,,,0.0,1.0,JOANNE,Friday,50.0,50.0,,50.0,50.0,1
WARG01,0.0,,,,,,,0.0,1.0,JJ,Friday,72.0,67.0,24.49489742783178,102.0,52.0,4
SCHC01,0.0,,,,,,,0.0,2.0,JOANNE,Friday,83.2075,81.05,47.282099061554646,140.0,30.73,4
MACV01,0.0,,,,,,,0.0,1.0,BECKY,Friday,60.0,60.0,,60.0,60.0,1
VERR01,0.0,,,,,,,0.0,1.0,JJ,Friday,82.0,82.0,,82.0,82.0,1
CARK01,0.0,,,SBD,KELLY,SBD,1.0,1.0,1.6666666666666667,KELLY,Friday,41.0,40.0,8.215838362577491,55.0,35.0,5
TAGS02,0.0,,,CFC,KELLY,CFC,0.0,2.0,2.0,KELLY,Friday,55.0,55.0,14.142135623730951,65.0,45.0,2
OSES01,0.0,,,,,,,0.0,1.0,JJ,Friday,82.0,82.0,,82.0,82.0,1
ALIA01,0.0,,,,,,,0.0,1.0,BECKY,Friday,40.0,40.0,14.142135623730951,50.0,30.0,2
MASR01,0.0,,,,,,,0.0,1.0,JJ,Saturday,32.0,32.0,,32.0,32.0,1
MARG01,0.0,,,,,,,0.0,1.0,JJ,Saturday,53.333333333333336,60.0,11.547005383792516,60.0,40.0,3
TUMM01,0.0,,,,,,,0.0,2.5,JOANNE,Saturday,67.82000000000001,62.1,14.557197532492303,92.0,55.0,5
MAXI01,0.0,,,,,,,0.0,1.0,KELLY,Saturday,35.0,35.0,,35.0,35.0,1
SCHH01,0.0,,,,,,,0.0,1.5,JJ,Wednesday,69.0,76.0,46.35083602266522,120.0,0.0,6
GARJ01,0.0,,,,,,,0.0,2.0,JJ,Saturday,74.45,83.5,31.681908612539956,102.0,28.8,4
DEUD01,0.0,,,,,,,0.0,1.0,KELLY,Saturday,45.0,45.0,,45.0,45.0,1
RICS01,0.0,,,,,,,0.0,1.0,JJ,Saturday,82.0,82.0,,82.0,82.0,1
PHIJ01,0.0,,,,,,,0.0,1.3333333333333333,SINEAD,Saturday,55.182500000000005,60.0,18.83170796821149,70.0,30.73,4
LYNG01,0.0,,,,,,,0.0,1.0,JJ,Thursday,55.0,60.0,10.0,60.0,40.0,4
ROPR01,0.0,,,,,,,0.0,3.0,KELLY,Saturday,80.0,65.0,63.835726674018524,150.0,25.0,3
SASA01,0.0,,,,,,,0.0,1.0,KELLY,Saturday,55.0,55.0,,55.0,55.0,1
MARM01,0.0,,,,,,,0.0,2.5,JOANNE,Saturday,84.0,65.0,96.36129928555343,249.0,0.0,5
BOTN01,0.0,,,,,,,0.0,1.0,BECKY,Saturday,42.5,42.5,10.606601717798213,50.0,35.0,2
STOD01,0.0,,,,,,,0.0,1.0,BECKY,Saturday,45.0,50.0,13.228756555322953,55.0,30.0,3
BREH01,0.0,,,,,,,0.0,1.3333333333333333,JJ,Sunday,77.35,92.0,37.18185041118852,102.0,23.4,4
HUDM01,0.0,,,SBD,BECKY,SBD,2.5,2.0,1.1,JJ,Saturday,59.54545454545455,52.0,40.917877844198216,160.0,0.0,11
BUZI01,0.0,,,,,,,0.0,1.0,JJ,Friday,0.0,0.0,,0.0,0.0,1
WOOJ01,0.0,,,CTU,JJ,CTU,8.0,2.0,1.3,JJ,Saturday,62.15384615384615,52.0,27.25755599782121,140.0,32.0,13
STEK02,0.0,,,,,,,0.0,2.0,KELLY,Tuesday,27.5,27.5,38.890872965260115,55.0,0.0,2
NIZS01,0.0,,,,,,,0.0,3.0,BECKY,Tuesday,41.416666666666664,33.52,16.153985060452836,60.0,30.73,3
MOOH01,0.0,,,,,,,0.0,1.5,JJ,Tuesday,35.43333333333333,24.3,42.118444099151304,82.0,0.0,3
RICP01,0.0,,,,,,,0.0,1.0,SINEAD,Tuesday,73.75,75.0,14.9303940559741,90.0,55.0,4
SARA01,0.0,,,,,,,0.0,1.0,JJ,Wednesday,53.333333333333336,60.0,11.547005383792516,60.0,40.0,3
TAYL01,0.0,,,,,,,0.0,1.0,JOANNE,Tuesday,160.0,160.0,0.0,160.0,160.0,2
HOAS01,0.0,,,,,,,0.0,1.0,KELLY,Tuesday,55.0,55.0,,55.0,55.0,1
HOUN01,0.0,,,,,,,0.0,1.0,JJ,Tuesday,82.0,82.0,,82.0,82.0,1
TRES01,0.0,,,,,,,0.0,1.0,BECKY,Tuesday,30.0,30.0,,30.0,30.0,1
CHIC01,0.0,,,,,,,0.0,1.0,KELLY,Tuesday,45.0,45.0,,45.0,45.0,1
DHAN01,0.0,,,,,,,0.0,2.0,JJ,Tuesday,58.5,58.5,23.33452377915607,75.0,42.0,2
MELE01,0.0,,,,,,,0.0,2.0,BECKY,Tuesday,33.125,31.0,12.317839366815377,50.0,20.5,4
MACS01,0.0,,,,,,,0.0,1.0,JJ,Tuesday,20.0,20.0,,20.0,20.0,1
HOFJ01,0.0,,,,,,,0.0,1.0,KELLY,Tuesday,55.0,55.0,,55.0,55.0,1
BROS02,0.0,,,,,,,0.0,1.0,BECKY,Friday,40.0,40.0,14.142135623730951,50.0,30.0,2
JOHM01,0.0,,,,,,,0.0,1.0,KELLY,Tuesday,35.0,35.0,,35.0,35.0,1
MOSR01,0.0,,,,,,,0.0,1.0,JJ,Tuesday,82.0,82.0,,82.0,82.0,1
CHIT01,0.0,,,,,,,0.0,1.0,JJ,Wednesday,82.0,82.0,,82.0,82.0,1
WITC01,0.0,,,,,,,0.0,1.0,KELLY,Wednesday,35.0,35.0,,35.0,35.0,1
SINM01,0.0,,,,,,,0.0,2.0,JJ,Friday,140.6,140.6,82.87291475506336,199.2,82.0,2
WAGM01,0.0,,,,,,,0.0,1.0,JOANNE,Wednesday,50.0,50.0,,50.0,50.0,1
SLUS01,0.0,,,,,,,0.0,1.25,JJ,Wednesday,50.64,53.2,10.101881012959913,60.0,40.0,5
POTR01,0.0,,,SHCM,JJ,SHCM,7.0,1.0,1.0,JJ,Wednesday,56.0,60.0,8.94427190999916,60.0,40.0,5
CORS01,0.0,,,,,,,0.0,1.3333333333333333,JJ,Wednesday,106.5,102.0,24.241837114102278,140.0,82.0,4
VERM01,0.0,,,,,,,0.0,1.0,JJ,Thursday,92.0,92.0,14.142135623730951,102.0,82.0,2
MACD01,0.0,,,,,,,0.0,1.0,KELLY,Wednesday,55.0,55.0,,55.0,55.0,1
TRIL01,0.0,,,,,,,0.0,1.0,JJ,Wednesday,82.0,82.0,,82.0,82.0,1
WAL*01,0.0,,,,,,,0.0,1.0,JJ,Wednesday,82.0,82.0,,82.0,82.0,1
BORJ01,0.0,,,,,,,0.0,1.0,JJ,Tuesday,50.0,50.0,14.142135623730951,60.0,40.0,2
DONN01,0.0,,,,,,,0.0,1.0,JJ,Thursday,32.0,32.0,,32.0,32.0,1
RIHM01,0.0,,,,,,,0.0,1.0,BECKY,Thursday,30.0,30.0,,30.0,30.0,1
MANL01,1.0,CON,SINEAD,,,,,0.0,1.0,SINEAD,Thursday,80.0,80.0,10.0,90.0,70.0,3
HILE01,0.0,,,,,,,0.0,1.0,JJ,Thursday,92.0,92.0,14.142135623730951,102.0,82.0,2
GHOP01,0.0,,,,,,,0.0,2.0,BECKY,Friday,87.5,75.0,28.722813232690143,130.0,70.0,4
RUBA01,0.0,,,,,,,0.0,1.5,JJ,Thursday,48.03333333333333,62.1,42.77152479551476,82.0,0.0,3
KOZC01,0.0,,,,,,,0.0,1.0,KELLY,Thursday,55.0,55.0,,55.0,55.0,1
BROS01,0.0,,,SBD,BECKY,SBD,1.5,2.0,1.0,BECKY,Tuesday,98.75,50.0,87.41322227541683,250.0,50.0,8
BURL01,0.0,,,,,,,0.0,2.0,JOANNE,Thursday,88.75,72.5,56.32864872040396,170.0,40.0,4
AINM01,0.0,,,,,,,0.0,1.0,HOUSE,Thursday,166.0,166.0,90.50966799187809,230.0,102.0,2
WYRC01,0.0,,,,,,,0.0,1.0,JJ,Friday,68.0,70.0,35.04283093587046,102.0,32.0,3
JM01,0.0,,,,,,,0.0,1.0,KELLY,Thursday,10.0,10.0,,10.0,10.0,1
BHAT01,0.0,,,,,,,0.0,1.0,BECKY,Thursday,60.0,60.0,,60.0,60.0,1
MOLA01,0.0,,,SHCW,JJ,SHCW,7.0,1.0,1.3333333333333333,JJ,Thursday,81.85,92.0,28.567288985831325,102.0,41.4,4
HENB01,0.0,,,SHCM,JJ,SHCM,7.0,2.0,1.0,JJ,Thursday,53.333333333333336,60.0,11.547005383792515,60.0,40.0,3
PLUJ01,0.0,,,,,,,0.0,2.0,JJ,Friday,31.25,32.5,25.289984842489197,60.0,0.0,4
BURT01,0.0,,,,,,,0.0,1.5,JJ,Tuesday,51.666666666666664,50.0,7.637626158259733,60.0,45.0,3
LEEM01,0.0,,,,,,,0.0,2.0,JJ,Thursday,83.5,88.5,20.24022397768035,102.0,55.0,4
RUTR01,0.0,,,,,,,0.0,2.3333333333333335,JJ,Saturday,63.49285714285714,85.0,40.99390634158761,102.0,0.0,7
KATS01,0.0,,,,,,,0.0,1.0,KELLY,Friday,55.0,55.0,,55.0,55.0,1
PANP01,0.0,,,,,,,0.0,1.0,KELLY,Friday,55.0,55.0,,55.0,55.0,1
KOEE01,0.0,,,,,,,0.0,1.0,KELLY,Friday,35.0,35.0,,35.0,35.0,1
MURS01,0.0,,,,,,,0.0,1.0,BECKY,Friday,5.0,5.0,0.0,5.0,5.0,2
NGUS01,0.0,,,CTU,JJ,CTU,1.0,2.0,1.0,JJ,Friday,108.5,102.0,21.748563170931543,140.0,90.0,4
ABL*01,0.0,,,,,,,0.0,2.0,BECKY,Friday,44.1,48.0,9.607635852105693,50.4,30.0,4
CROB01,0.0,,,,,,,0.0,2.0,KELLY,Friday,26.5,26.5,12.020815280171307,35.0,18.0,2
DSIC01,0.0,,,,,,,0.0,1.0,JJ,Friday,82.0,82.0,,82.0,82.0,1
KHUN01,0.0,,,,,,,0.0,1.0,KELLY,Friday,20.0,20.0,,20.0,20.0,1
LIMB01,0.0,,,,,,,0.0,1.0,BECKY,Friday,40.0,40.0,14.142135623730951,50.0,30.0,2
BUDG02,0.0,,,SHCM,SINEAD,SHCM,18.0,1.0,1.25,SINEAD,Thursday,44.760000000000005,50.0,12.115609765917686,55.0,28.8,5
SCHJ02,0.0,,,,,,,0.0,1.0,JJ,Thursday,40.0,40.0,,40.0,40.0,1
INFB01,0.0,,,,,,,0.0,1.0,KELLY,Friday,0.0,0.0,0.0,0.0,0.0,2
WOOD02,0.0,,,SBD,JJ,SBD,0.0,1.0,1.0,JJ,Thursday,59.0,52.0,15.362291495737217,82.0,50.0,4
SPRK01,0.0,,,,,,,0.0,1.3333333333333333,JJ,Wednesday,98.4,81.8,56.427889085687646,180.0,50.0,4
HUAR01,0.0,,,,,,,0.0,1.0,KELLY,Saturday,35.0,35.0,,35.0,35.0,1
ERWS01,1.0,CON,JJ,CTU,JJ,CTU,3.0,2.0,2.0,JJ,Saturday,87.46666666666665,92.0,37.306657136048344,140.0,28.8,6
TIEM01,0.0,,,,,,,0.0,4.0,KELLY,Saturday,51.25,42.5,34.73110997362451,100.0,20.0,4
FIGM01,0.0,,,,,,,0.0,1.0,KELLY,Saturday,55.0,55.0,14.142135623730951,65.0,45.0,2
CONJ01,0.0,,,,,,,0.0,1.0,JJ,Saturday,82.0,82.0,,82.0,82.0,1
LEEO01,0.0,,,,,,,0.0,1.0,JOANNE,Friday,95.0,95.0,63.63961030678928,140.0,50.0,2
THOW02,0.0,,,,,,,0.0,1.0,JJ,Friday,50.0,50.0,14.142135623730951,60.0,40.0,2
TAYB01,0.0,,,,,,,0.0,1.0,JJ,Saturday,82.0,82.0,,82.0,82.0,1
SUNS01,0.0,,,SHCW,KELLY,SHCW,5.0,1.0,2.0,KELLY,Saturday,55.0,55.0,14.142135623730951,65.0,45.0,2
BENS02,0.0,,,,,,,0.0,2.0,JOANNE,Saturday,47.865,47.865,24.232549391262985,65.0,30.73,2
RUDJ01,0.0,,,,,,,0.0,1.0,KELLY,Saturday,45.0,45.0,,45.0,45.0,1
LINJ01,0.0,,,,,,,0.0,1.5,JJ,Tuesday,72.14666666666666,82.0,35.81151397711822,102.0,32.44,3
YATT01,0.0,,,,,,,0.0,1.0,BECKY,Tuesday,46.0,50.0,8.94427190999916,50.0,30.0,5
NIES02,0.0,,,SHCM,JJ,SHCM,1.0,1.0,1.0,JJ,Thursday,50.0,50.0,14.142135623730951,60.0,40.0,2
BRES01,0.0,,,,,,,0.0,1.0,JJ,Tuesday,95.33333333333333,102.0,11.547005383792513,102.0,82.0,3
PARJ02,0.0,,,,,,,0.0,1.0,KELLY,Tuesday,35.0,35.0,,35.0,35.0,1
STEK01,0.0,,,,,,,0.0,1.0,BECKY,Thursday,55.0,55.0,35.35533905932738,80.0,30.0,2
LEHF01,0.0,,,,,,,0.0,1.0,BECKY,Tuesday,60.0,60.0,,60.0,60.0,1
ZUKS01,0.0,,,,,,,0.0,1.0,BECKY,Tuesday,43.333333333333336,50.0,11.547005383792515,50.0,30.0,3
MARD01,0.0,,,,,,,0.0,1.0,BECKY,Tuesday,70.0,70.0,14.142135623730951,80.0,60.0,2
VERD01,0.0,,,,,,,0.0,1.0,KELLY,Tuesday,45.0,45.0,14.142135623730951,55.0,35.0,2
FIND01,0.0,,,,,,,0.0,2.0,JOANNE,Tuesday,97.5,97.5,74.24621202458749,150.0,45.0,2
TRAJ01,0.0,,,,,,,0.0,1.0,JJ,Tuesday,50.0,50.0,14.142135623730951,60.0,40.0,2
PENM01,0.0,,,SHCW,BECKY,SHCW,5.0,4.0,1.8,JOANNE,Friday,80.22222222222223,50.0,62.33333333333333,240.0,50.0,9
FRAM01,0.0,,,,,,,0.0,1.0,KELLY,Tuesday,45.0,45.0,,45.0,45.0,1
FER*01,0.0,,,,,,,0.0,1.0,BECKY,Tuesday,60.0,60.0,,60.0,60.0,1
FANM01,0.0,,,,,,,0.0,1.0,JJ,Tuesday,82.0,82.0,,82.0,82.0,1
LEM01,0.0,,,,,,,0.0,1.0,KELLY,Tuesday,0.0,0.0,,0.0,0.0,1
ZHAV01,0.0,,,,,,,0.0,1.0,JOANNE,Tuesday,65.0,65.0,,65.0,65.0,1
BERI01,0.0,,,,,,,0.0,1.25,JJ,Saturday,54.08,60.0,8.901235869248719,60.0,40.0,5
STEH01,0.0,,,,,,,0.0,1.0,JJ,Friday,50.0,50.0,14.142135623730951,60.0,40.0,2
LEWH02,0.0,,,,,,,0.0,1.0,KELLY,Wednesday,35.0,35.0,,35.0,35.0,1
GREB01,0.0,,,,,,,0.0,1.0,JJ,Wednesday,40.0,40.0,,40.0,40.0,1
WOOD01,0.0,,,,,,,0.0,2.0,JJ,Wednesday,81.83333333333333,81.0,19.579751445477207,102.0,55.0,6
MESN01,0.0,,,,,,,0.0,1.0,BECKY,Thursday,55.0,55.0,7.0710678118654755,60.0,50.0,2
HOWC01,0.0,,,,,,,0.0,1.5,JJ,Wednesday,45.93333333333334,40.0,12.231652927275746,60.0,37.8,3
PARS01,0.0,,,,,,,0.0,1.0,BECKY,Wednesday,80.0,80.0,,80.0,80.0,1
COXH01,0.0,,,,,,,0.0,2.0,KELLY,Wednesday,47.125,43.025,22.245168014649835,75.0,27.45,4
MCCB01,0.0,,,,,,,0.0,1.0,BECKY,Thursday,43.333333333333336,50.0,11.547005383792515,50.0,30.0,3
YANM01,0.0,,,,,,,0.0,1.0,KELLY,Wednesday,55.0,55.0,,55.0,55.0,1
SHAS01,0.0,,,,,,,0.0,1.0,JJ,Wednesday,50.0,50.0,14.142135623730951,60.0,40.0,2
WAX*01,0.0,,,,,,,0.0,1.0,JJ,Friday,40.0,40.0,,40.0,40.0,1
DUFD01,3.0,CON,JJ,CON,JJ,CON,4.0,1.0,1.0,JJ,Friday,60.0,60.0,0.0,60.0,60.0,3
BOTS01,0.0,,,,,,,0.0,1.0,KELLY,Thursday,55.0,55.0,,55.0,55.0,1
BOTC01,0.0,,,,,,,0.0,1.0,BECKY,Thursday,60.0,60.0,,60.0,60.0,1
BOTK01,0.0,,,,,,,0.0,1.0,JJ,Thursday,82.0,82.0,,82.0,82.0,1
BENC01,0.0,,,,,,,0.0,1.0,JOANNE,Thursday,67.5,67.5,3.5355339059327378,70.0,65.0,2
SIDA01,0.0,,,,,,,0.0,1.0,BECKY,Thursday,60.0,60.0,0.0,60.0,60.0,4
YEHC01,0.0,,,,,,,0.0,1.0,JJ,Thursday,82.0,82.0,,82.0,82.0,1
NORE01,0.0,,,,,,,0.0,1.0,BECKY,Friday,30.0,30.0,,30.0,30.0,1
HOG*01,0.0,,,,,,,0.0,1.0,BECKY,Thursday,42.5,42.5,10.606601717798213,50.0,35.0,2
SILG01,0.0,,,,,,,0.0,1.0,JJ,Thursday,82.0,82.0,,82.0,82.0,1
BATP01,0.0,,,,,,,0.0,1.0,JJ,Thursday,45.0,45.0,7.0710678118654755,50.0,40.0,2
WASS01,0.0,,,,,,,0.0,1.0,KELLY,Thursday,35.0,35.0,,35.0,35.0,1
MAKM01,0.0,,,,,,,0.0,1.3333333333333333,SINEAD,Thursday,43.0,42.5,11.224972160321824,55.0,32.0,4
BURD01,0.0,,,,,,,0.0,1.0,BECKY,Thursday,5.0,5.0,,5.0,5.0,1
ADAP01,0.0,,,,,,,0.0,2.0,KELLY,Thursday,60.0,60.0,7.0710678118654755,65.0,55.0,2
DOWR01,0.0,,,SBD,SINEAD,SBD,1.0,1.0,1.0,BECKY,Thursday,53.5,52.0,4.43471156521669,60.0,50.0,4
WALT01,0.0,,,,,,,0.0,1.0,KELLY,Thursday,55.0,55.0,,55.0,55.0,1
COLR02,0.0,,,,,,,0.0,1.0,BECKY,Friday,40.0,40.0,14.142135623730951,50.0,30.0,2
COLR01,0.0,,,,,,,0.0,1.0,BECKY,Friday,40.0,40.0,14.142135623730951,50.0,30.0,2
HELJ01,0.0,,,SHCM,BECKY,SHCM,2.0,1.0,1.0,BECKY,Friday,40.0,40.0,14.142135623730951,50.0,30.0,2
MCMC01,0.0,,,,,,,0.0,1.0,JJ,Friday,82.0,82.0,,82.0,82.0,1
GREL01,0.0,,,,,,,0.0,1.0,BECKY,Friday,60.0,60.0,,60.0,60.0,1
SAVP01,0.0,,,,,,,0.0,1.5,JJ,Saturday,102.83333333333333,102.0,21.262251370288457,124.5,82.0,3
FLEL01,0.0,,,,,,,0.0,1.0,BECKY,Friday,42.5,42.5,10.606601717798213,50.0,35.0,2
OHAG01,0.0,,,,,,,0.0,2.0,JJ,Friday,42.35,41.0,15.489835376788225,60.0,21.6,6
OHA*01,0.0,,,,,,,0.0,1.0,BECKY,Friday,30.0,30.0,,30.0,30.0,1
HAMN01,0.0,,,,,,,0.0,2.0,JOANNE,Friday,71.75,72.5,25.408331966765022,102.0,40.0,4
LEHJ01,0.0,,,,,,,0.0,1.0,JJ,Tuesday,46.666666666666664,50.0,5.773502691896258,50.0,40.0,3
MCLI01,0.0,,,,,,,0.0,1.0,JJ,Friday,50.0,50.0,14.142135623730951,60.0,40.0,2
KALA01,0.0,,,,,,,0.0,2.0,JJ,Friday,126.0,126.0,33.980386499665755,160.0,92.0,4
OGDJ01,0.0,,,,,,,0.0,1.0,BECKY,Friday,60.0,60.0,,60.0,60.0,1
APTM01,0.0,,,,,,,0.0,2.0,JJ,Friday,35.775,33.9,6.902949680079833,44.8,28.8,8
WANM01,0.0,,,,,,,0.0,2.0,BECKY,Friday,56.1375,55.2,19.15469372416763,80.0,34.15,4
MCWC01,0.0,,,,,,,0.0,5.0,KELLY,Friday,63.0,50.0,53.455589043616385,150.0,5.0,5
CASN01,0.0,,,,,,,0.0,1.0,BECKY,Saturday,30.0,30.0,,30.0,30.0,1
DELC01,0.0,,,,,,,0.0,1.0,BECKY,Saturday,43.333333333333336,50.0,11.547005383792515,50.0,30.0,3
HAMA01,0.0,,,,,,,0.0,2.0,KELLY,Saturday,36.225,36.225,12.409724009823911,45.0,27.45,2
IRWE01,0.0,,,CON,JOANNE,CON,28.0,1.0,2.25,SINEAD,Saturday,52.22222222222222,55.0,21.666666666666668,70.0,0.0,9
GALG01,0.0,,,,,,,0.0,1.0,JJ,Saturday,92.0,92.0,14.142135623730951,102.0,82.0,2
LEHN01,0.0,,,,,,,0.0,2.0,JJ,Saturday,55.4,55.4,37.618080759124325,82.0,28.8,2
EZIR01,0.0,,,,,,,0.0,1.5,JJ,Saturday,78.13333333333334,82.0,26.016405080897194,102.0,50.4,3
GOSD01,0.0,,,SHCW,JJ,SHCW,20.0,1.0,1.0,JJ,Friday,105.2,102.0,24.066574330386118,130.0,82.0,5
SKUD01,0.0,,,SBD,BECKY,SBD,6.0,2.0,1.0,BECKY,Saturday,101.42857142857143,50.0,87.83100656536799,230.0,50.0,7
TRAS02,0.0,,,,,,,0.0,1.0,JOANNE,Saturday,65.0,65.0,,65.0,65.0,1
FISV01,0.0,,,,,,,0.0,2.0,BECKY,Saturday,65.325,70.0,22.160531732489332,85.0,36.3,4
SENM01,0.0,,,,,,,0.0,1.0,BECKY,Saturday,70.0,70.0,14.142135623730951,80.0,60.0,2
LAS01,0.0,,,,,,,0.0,1.0,JJ,Saturday,82.0,82.0,,82.0,82.0,1
DEYS01,0.0,,,,,,,0.0,1.0,BECKY,Saturday,60.0,60.0,,60.0,60.0,1
WELN01,0.0,,,,,,,0.0,1.0,JJ,Saturday,30.0,30.0,,30.0,30.0,1
TAMA01,1.0,CON,KELLY,,,,,0.0,5.0,KELLY,Saturday,73.49,75.0,51.47718426643011,150.0,25.0,5
KRAV01,0.0,,,,,,,0.0,3.0,KELLY,Saturday,61.666666666666664,70.0,30.605010483034746,100.0,25.0,6
DOLD01,0.0,,,,,,,0.0,1.0,JJ,Saturday,92.0,92.0,14.142135623730951,102.0,82.0,2
SINT01,0.0,,,,,,,0.0,1.0,BECKY,Saturday,30.0,30.0,,30.0,30.0,1
SINW01,0.0,,,,,,,0.0,1.0,JJ,Saturday,32.0,32.0,,32.0,32.0,1
JOHJ01,0.0,,,,,,,0.0,1.0,SINEAD,Saturday,106.66666666666667,90.0,47.258156262526086,160.0,70.0,3
KURG01,0.0,,,,,,,0.0,1.0,JJ,Saturday,82.0,82.0,,82.0,82.0,1
KENH01,0.0,,,,,,,0.0,1.0,SINEAD,Saturday,70.0,70.0,,70.0,70.0,1
WILK01,0.0,,,,,,,0.0,2.0,JJ,Saturday,81.0,81.0,55.154328932550705,120.0,42.0,2
BLAJ01,0.0,,,,,,,0.0,1.0,SINEAD,Saturday,65.0,65.0,,65.0,65.0,1
TOPS01,0.0,,,SHCW,BECKY,SHCW,1.0,1.0,1.0,BECKY,Sunday,60.0,60.0,,60.0,60.0,1
SCHJ03,0.0,,,,,,,0.0,1.0,BECKY,Sunday,30.0,30.0,,30.0,30.0,1
CHAG01,0.0,,,,,,,0.0,1.0,BECKY,Sunday,30.0,30.0,,30.0,30.0,1
PARC01,0.0,,,,,,,0.0,1.0,JJ,Friday,82.0,82.0,,82.0,82.0,1
KOOM01,0.0,,,,,,,0.0,1.0,JJ,Friday,78.66666666666667,82.0,25.16611478423583,102.0,52.0,3
LANS01,0.0,,,,,,,0.0,1.0,BECKY,Tuesday,60.0,60.0,,60.0,60.0,1
BOWM01,0.0,,,,,,,0.0,1.0,JJ,Tuesday,82.0,82.0,,82.0,82.0,1
SAMB01,0.0,,,,,,,0.0,1.0,JJ,Tuesday,82.0,82.0,,82.0,82.0,1
KRIA01,0.0,,,,,,,0.0,1.0,JJ,Tuesday,82.0,82.0,,82.0,82.0,1
CARB01,0.0,,,CON,BECKY,CON,0.0,1.0,2.0,BECKY,Tuesday,29.85,29.7,24.49550979261301,60.0,0.0,4
SLEA01,0.0,,,,,,,0.0,1.3333333333333333,HOUSE,Sunday,25.0,20.0,30.0,60.0,0.0,4
VAUD01,0.0,,,,,,,0.0,1.0,JJ,Thursday,67.0,67.0,49.49747468305833,102.0,32.0,2
RUTA01,0.0,,,,,,,0.0,2.0,JJ,Thursday,103.5,97.0,25.942243542145697,140.0,80.0,4
BROA01,0.0,,,,,,,0.0,1.0,BECKY,Thursday,73.33333333333333,70.0,5.773502691896256,80.0,70.0,3
KIMF01,0.0,,,,,,,0.0,1.0,JJ,Wednesday,82.0,82.0,,82.0,82.0,1
GREN01,0.0,,,,,,,0.0,1.0,SINEAD,Wednesday,70.0,70.0,,70.0,70.0,1
ARRM01,0.0,,,,,,,0.0,1.25,JJ,Friday,61.8,55.0,15.865055940651455,82.0,45.0,5
DACJ01,0.0,,,,,,,0.0,1.0,SINEAD,Wednesday,60.0,60.0,14.142135623730951,70.0,50.0,2
HENI01,2.0,CON,JJ,SHCW,JJ,SHCW,22.0,1.0,2.5,JJ,Saturday,92.96000000000001,82.0,53.386590076535136,180.0,50.4,5
POOD01,0.0,,,,,,,0.0,1.0,SINEAD,Wednesday,45.0,45.0,14.142135623730951,55.0,35.0,2
ESKR01,0.0,,,,,,,0.0,1.0,JJ,Thursday,92.0,92.0,14.142135623730951,102.0,82.0,2
BOWV01,0.0,,,,,,,0.0,1.0,JJ,Thursday,92.0,92.0,14.142135623730951,102.0,82.0,2
JIAL01,0.0,,,,,,,0.0,1.0,JJ,Thursday,82.0,82.0,,82.0,82.0,1
PIVS01,0.0,,,,,,,0.0,1.0,JJ,Thursday,82.0,82.0,,82.0,82.0,1
GUBD01,0.0,,,,,,,0.0,1.0,JJ,Friday,50.0,50.0,14.142135623730951,60.0,40.0,2
STEB01,0.0,,,,,,,0.0,1.0,BECKY,Friday,40.0,40.0,14.142135623730951,50.0,30.0,2
TSUL01,0.0,,,,,,,0.0,1.0,JJ,Friday,82.0,82.0,,82.0,82.0,1
ALLM01,0.0,,,,,,,0.0,1.0,JJ,Friday,82.0,82.0,,82.0,82.0,1
BYRP01,0.0,,,,,,,0.0,1.0,BECKY,Friday,40.0,40.0,14.142135623730951,50.0,30.0,2
ROSL01,0.0,,,,,,,0.0,1.0,JJ,Friday,82.0,82.0,,82.0,82.0,1
MERM01,0.0,,,,,,,0.0,1.0,BECKY,Friday,30.0,30.0,,30.0,30.0,1
STRH01,0.0,,,CHLFH,KELLY,CHLFH,1.0,1.0,1.0,JJ,Friday,82.0,82.0,,82.0,82.0,1
LEEN01,0.0,,,,,,,0.0,1.0,BECKY,Saturday,50.0,50.0,,50.0,50.0,1
STOK01,0.0,,,,,,,0.0,1.0,JJ,Saturday,82.0,82.0,,82.0,82.0,1
SHAG01,0.0,,,,,,,0.0,1.0,JJ,Saturday,82.0,82.0,,82.0,82.0,1
BONT01,0.0,,,,,,,0.0,1.0,BECKY,Saturday,60.0,60.0,,60.0,60.0,1
BLAR01,0.0,,,,,,,0.0,1.0,BECKY,Monday,60.0,60.0,,60.0,60.0,1
STEA01,0.0,,,,,,,0.0,1.0,BECKY,Tuesday,60.0,60.0,,60.0,60.0,1
GOUE01,0.0,,,,,,,0.0,1.0,BECKY,Friday,70.0,70.0,14.142135623730951,80.0,60.0,2
WEIA01,0.0,,,,,,,0.0,1.0,JJ,Tuesday,92.0,92.0,14.142135623730951,102.0,82.0,2
HUYK01,0.0,,,,,,,0.0,1.0,BECKY,Tuesday,30.0,30.0,,30.0,30.0,1
JONC01,0.0,,,,,,,0.0,1.0,SINEAD,Tuesday,35.0,35.0,,35.0,35.0,1
SINS01,0.0,,,,,,,0.0,1.0,JJ,Friday,30.0,30.0,42.42640687119285,60.0,0.0,2
ROWD01,0.0,,,,,,,0.0,1.0,BECKY,Tuesday,70.0,70.0,14.142135623730951,80.0,60.0,2
COLC01,0.0,,,,,,,0.0,1.0,BECKY,Tuesday,30.0,30.0,,30.0,30.0,1
DAVA01,0.0,,,,,,,0.0,1.0,JJ,Wednesday,82.0,82.0,,82.0,82.0,1
SORM01,0.0,,,,,,,0.0,2.0,JJ,Wednesday,96.0,96.0,5.656854249492381,100.0,92.0,2
MILE01,0.0,,,,,,,0.0,1.0,SINEAD,Saturday,80.0,80.0,14.142135623730951,90.0,70.0,2
WELL01,0.0,,,,,,,0.0,1.0,SINEAD,Wednesday,30.0,30.0,,30.0,30.0,1
GRIA01,0.0,,,,,,,0.0,1.0,SINEAD,Thursday,80.0,80.0,14.142135623730951,90.0,70.0,2
KEIS01,0.0,,,,,,,0.0,1.0,BECKY,Thursday,70.0,70.0,14.142135623730951,80.0,60.0,2
MCGV01,0.0,,,,,,,0.0,1.5,SINEAD,Thursday,53.44333333333333,50.0,15.13174257424879,70.0,40.33,3
RABH01,0.0,,,,,,,0.0,1.0,BECKY,Thursday,30.0,30.0,,30.0,30.0,1
JARM01,0.0,,,,,,,0.0,1.0,JJ,Friday,92.0,92.0,14.142135623730951,102.0,82.0,2
LUL01,0.0,,,,,,,0.0,1.0,BECKY,Friday,67.5,67.5,10.606601717798213,75.0,60.0,2
BROT01,0.0,,,SHCW,SINEAD,SHCW,3.0,1.0,1.0,SINEAD,Thursday,70.0,70.0,,70.0,70.0,1
TOHS01,0.0,,,,,,,0.0,2.0,JJ,Thursday,60.95,60.95,29.769195487953652,82.0,39.9,2
COAA01,0.0,,,,,,,0.0,1.0,JJ,Thursday,82.0,82.0,,82.0,82.0,1
JOHD01,0.0,,,SHCM,SINEAD,SHCM,7.0,1.0,1.0,SINEAD,Thursday,45.0,45.0,14.142135623730951,55.0,35.0,2
FOXS01,0.0,,,,,,,0.0,1.0,JJ,Friday,32.0,32.0,,32.0,32.0,1
KINN01,0.0,,,SHCW,JJ,SHCW,2.0,1.0,1.3333333333333333,JJ,Friday,67.8475,67.0,29.84023611948583,102.0,35.39,4
SEDD01,0.0,,,,,,,0.0,1.0,BECKY,Friday,60.0,60.0,,60.0,60.0,1
SCOL01,0.0,,,,,,,0.0,1.0,BECKY,Friday,75.0,75.0,21.213203435596427,90.0,60.0,2
FINW01,0.0,,,,,,,0.0,1.0,BECKY,Friday,40.0,40.0,14.142135623730951,50.0,30.0,2
NICM01,0.0,,,,,,,0.0,1.0,JJ,Friday,92.0,92.0,14.142135623730951,102.0,82.0,2
BARW01,0.0,,,,,,,0.0,2.0,JJ,Friday,35.365,35.365,6.5548798615992965,40.0,30.73,2
HOT01,0.0,,,,,,,0.0,1.0,JJ,Tuesday,82.0,82.0,,82.0,82.0,1
KOSI01,0.0,,,,,,,0.0,2.0,JJ,Friday,63.5,76.0,44.343357262766354,102.0,0.0,4
NIDN01,0.0,,,,,,,0.0,1.3333333333333333,BECKY,Saturday,50.5,50.0,15.524174696260024,70.0,32.0,4
WILB01,0.0,,,,,,,0.0,1.0,BECKY,Saturday,60.0,60.0,,60.0,60.0,1
HEIM01,0.0,,,,,,,0.0,1.0,BECKY,Saturday,70.0,70.0,14.142135623730951,80.0,60.0,2
MAIK01,0.0,,,,,,,0.0,1.0,JJ,Tuesday,82.0,82.0,,82.0,82.0,1
NEML01,0.0,,,,,,,0.0,1.0,SINEAD,Saturday,70.0,70.0,,70.0,70.0,1
STEI01,0.0,,,,,,,0.0,1.0,BECKY,Saturday,60.0,60.0,,60.0,60.0,1
STEM01,0.0,,,,,,,0.0,1.0,BECKY,Saturday,60.0,60.0,,60.0,60.0,1
LEIF01,0.0,,,,,,,0.0,1.0,SINEAD,Saturday,80.0,80.0,14.142135623730951,90.0,70.0,2
BARA01,0.0,,,,,,,0.0,2.0,SINEAD,Saturday,25.0,25.0,7.0710678118654755,30.0,20.0,2
YUES01,0.0,,,,,,,0.0,1.0,JJ,Wednesday,82.0,82.0,,82.0,82.0,1
ALIR01,0.0,,,,,,,0.0,1.0,JJ,Saturday,82.0,82.0,,82.0,82.0,1
SKUT01,0.0,,,,,,,0.0,1.0,BECKY,Sunday,60.0,60.0,,60.0,60.0,1
BAIL01,0.0,,,,,,,0.0,1.0,BECKY,Sunday,60.0,60.0,,60.0,60.0,1
SARK01,0.0,,,,,,,0.0,1.6666666666666667,JJ,Sunday,120.02000000000001,102.0,66.38676072832595,224.1,52.0,5
FRAW01,0.0,,,,,,,0.0,1.0,BECKY,Sunday,30.0,30.0,,30.0,30.0,1
KRIJ01,1.0,SHCW,JJ,,,,,0.0,1.0,JJ,Saturday,92.0,92.0,14.142135623730951,102.0,82.0,2
KATM01,0.0,,,CON,JOANNE,CON,2.0,1.0,1.0,JJ,Tuesday,82.0,82.0,,82.0,82.0,1
OWED01,0.0,,,,,,,0.0,1.0,SINEAD,Tuesday,45.0,45.0,14.142135623730951,55.0,35.0,2
BEAL01,0.0,,,,,,,0.0,1.0,SINEAD,Tuesday,45.0,45.0,,45.0,45.0,1
BEAA01,0.0,,,,,,,0.0,1.0,SINEAD,Tuesday,45.0,45.0,,45.0,45.0,1
MCKT01,0.0,,,,,,,0.0,1.0,BECKY,Tuesday,60.0,60.0,,60.0,60.0,1
WRI*01,0.0,,,,,,,0.0,1.0,BECKY,Tuesday,42.5,42.5,10.606601717798213,50.0,35.0,2
STOV01,0.0,,,,,,,0.0,1.0,JJ,Wednesday,40.0,40.0,,40.0,40.0,1
BOYL01,1.0,CON,SINEAD,,,,,0.0,2.0,SINEAD,Wednesday,57.5,57.5,17.67766952966369,70.0,45.0,2
MCGA01,0.0,,,,,,,0.0,1.0,JJ,Wednesday,78.0,82.0,26.229754097208,102.0,50.0,3
RUTM01,0.0,,,,,,,0.0,1.0,JJ,Wednesday,82.0,82.0,,82.0,82.0,1
YOUS01,0.0,,,,,,,0.0,1.5,SINEAD,Thursday,100.0,90.0,36.05551275463989,140.0,70.0,3
ZUGL01,0.0,,,,,,,0.0,1.0,SINEAD,Wednesday,30.0,30.0,,30.0,30.0,1
RODP01,0.0,,,CHLFH,JOANNE,CHLFH,4.5,2.0,1.5714285714285714,SINEAD,Saturday,52.33909090909091,50.0,41.031875524900265,160.0,20.0,11
GREM01,0.0,,,,,,,0.0,3.0,JJ,Thursday,53.73333333333333,50.4,26.756183086033282,82.0,28.8,3
ROLD01,0.0,,,SHCM,JJ,SHCM,0.0,1.0,1.0,JJ,Wednesday,40.0,40.0,,40.0,40.0,1
BANR01,0.0,,,,,,,0.0,2.0,BECKY,Saturday,53.75,52.5,12.5,70.0,40.0,4
GELK01,0.0,,,,,,,0.0,1.5,JJ,Thursday,78.13333333333334,82.0,26.016405080897194,102.0,50.4,3
MOIB01,0.0,,,SHCW,SINEAD,SHCW,2.0,1.0,2.0,SINEAD,Thursday,66.575,70.0,22.276800338767984,90.0,36.3,4
BUSM01,0.0,,,,,,,0.0,1.0,SINEAD,Thursday,70.0,70.0,,70.0,70.0,1
CARC01,1.0,CON,JJ,,,,,0.0,1.0,JJ,Thursday,82.0,82.0,,82.0,82.0,1
CASH01,2.0,CON,JJ,,,,,0.0,1.0,JJ,Tuesday,92.0,92.0,14.142135623730951,102.0,82.0,2
GALB01,0.0,,,,,,,0.0,1.0,JJ,Thursday,53.333333333333336,60.0,11.547005383792515,60.0,40.0,3
SMIC01,0.0,,,,,,,0.0,1.0,SINEAD,Thursday,80.0,80.0,14.142135623730951,90.0,70.0,2
MOYJ01,0.0,,,,,,,0.0,1.0,JJ,Thursday,40.0,40.0,,40.0,40.0,1
GRET01,0.0,,,,,,,0.0,1.5,JJ,Wednesday,47.13333333333333,41.4,11.164825718896527,60.0,40.0,3
LEWH01,0.0,,,,,,,0.0,1.0,JJ,Friday,32.0,32.0,,32.0,32.0,1
REIM01,0.0,,,,,,,0.0,1.0,BECKY,Friday,40.0,40.0,14.142135623730951,50.0,30.0,2
KM01,0.0,,,,,,,0.0,3.0,JJ,Friday,60.63333333333333,62.1,22.13647066118114,82.0,37.8,3
ARMG01,0.0,,,,,,,0.0,1.0,BECKY,Friday,30.0,30.0,,30.0,30.0,1
MUMK01,0.0,,,,,,,0.0,1.3333333333333333,JJ,Friday,75.5,75.0,4.93288286231625,82.0,70.0,4
OZIS01,0.0,,,,,,,0.0,1.0,BECKY,Friday,30.0,30.0,,30.0,30.0,1
HARW01,0.0,,,,,,,0.0,2.0,JJ,Friday,34.4,34.4,7.91959594928933,40.0,28.8,2
RANZ01,0.0,,,,,,,0.0,1.0,BECKY,Friday,60.0,60.0,,60.0,60.0,1
MCGA02,0.0,,,,,,,0.0,1.0,SINEAD,Saturday,35.0,35.0,,35.0,35.0,1
ROGE01,0.0,,,,,,,0.0,1.0,SINEAD,Saturday,70.0,70.0,,70.0,70.0,1
MACB01,0.0,,,,,,,0.0,3.0,JJ,Saturday,48.75,33.52,28.829115491114187,82.0,30.73,3
WHIA01,0.0,,,,,,,0.0,1.0,JJ,Saturday,82.0,82.0,,82.0,82.0,1
WINL01,0.0,,,SHCW,BECKY,SHCW,25.0,1.0,2.0,SINEAD,Saturday,53.0,53.0,24.041630560342615,70.0,36.0,2
HYSA01,0.0,,,,,,,0.0,1.0,JJ,Thursday,40.0,40.0,,40.0,40.0,1
HOS01,0.0,,,,,,,0.0,1.0,JJ,Saturday,82.0,82.0,,82.0,82.0,1
CULT01,1.0,CON,SINEAD,,,,,0.0,1.0,SINEAD,Saturday,35.0,35.0,49.49747468305833,70.0,0.0,2
WAGL01,0.0,,,,,,,0.0,1.0,JJ,Sunday,82.0,82.0,,82.0,82.0,1
ZHIJ01,0.0,,,,,,,0.0,1.0,JJ,Sunday,82.0,82.0,,82.0,82.0,1
TAYD01,0.0,,,,,,,0.0,1.0,JJ,Thursday,82.0,82.0,,82.0,82.0,1
GRIP01,0.0,,,,,,,0.0,1.0,BECKY,Tuesday,42.5,42.5,10.606601717798213,50.0,35.0,2
ALVJ01,0.0,,,,,,,0.0,1.0,JJ,Tuesday,82.0,82.0,,82.0,82.0,1
TAYE01,1.0,SHCM,JJ,SHCM,JJ,SHCM,0.0,1.0,1.0,JJ,Friday,50.0,50.0,14.142135623730951,60.0,40.0,2
CYRA01,1.0,CON,BECKY,,,,,0.0,1.0,BECKY,Tuesday,60.0,60.0,,60.0,60.0,1
FLEB01,0.0,,,,,,,0.0,1.0,JJ,Tuesday,82.0,82.0,,82.0,82.0,1
ATKN01,0.0,,,,,,,0.0,2.0,JJ,Wednesday,66.2,66.2,22.344574285494904,82.0,50.4,2
DENB01,0.0,,,,,,,0.0,1.0,SINEAD,Wednesday,35.0,35.0,,35.0,35.0,1
LEEV01,0.0,,,,,,,0.0,1.0,JJ,Wednesday,82.0,82.0,,82.0,82.0,1
LEFN01,0.0,,,,,,,0.0,1.0,JJ,Thursday,82.0,82.0,,82.0,82.0,1
BHAJ01,0.0,,,,,,,0.0,1.0,BECKY,Thursday,60.0,60.0,,60.0,60.0,1
BRIK01,0.0,,,,,,,0.0,1.0,JJ,Thursday,82.0,82.0,,82.0,82.0,1
OKEM01,0.0,,,,,,,0.0,1.0,JJ,Thursday,92.0,92.0,14.142135623730951,102.0,82.0,2
MARR01,0.0,,,,,,,0.0,1.0,JJ,Thursday,76.0,76.0,8.48528137423857,82.0,70.0,2
COLE01,0.0,,,,,,,0.0,1.0,JJ,Friday,50.0,50.0,14.142135623730951,60.0,40.0,2
COLB01,0.0,,,SHCM,JJ,SHCM,0.0,1.0,1.0,JJ,Friday,50.0,50.0,14.142135623730951,60.0,40.0,2
ALIR02,0.0,,,,,,,0.0,1.0,BECKY,Friday,30.0,30.0,,30.0,30.0,1
RICC01,0.0,,,,,,,0.0,2.0,BECKY,Friday,60.0,60.0,28.284271247461902,80.0,40.0,2
ZIMJ01,0.0,,,,,,,0.0,1.0,BECKY,Friday,45.0,45.0,21.213203435596427,60.0,30.0,2
GUYD01,0.0,,,CCAMO,BECKY,CCAMO,1.0,2.0,2.0,BECKY,Friday,37.5,37.5,3.5355339059327378,40.0,35.0,2
BENS01,0.0,,,,,,,0.0,1.0,JJ,Friday,82.0,82.0,,82.0,82.0,1
MICK01,0.0,,,,,,,0.0,1.0,JJ,Friday,82.0,82.0,,82.0,82.0,1
NICP01,0.0,,,,,,,0.0,1.3333333333333333,BECKY,Friday,39.7,40.0,11.90350088559384,50.0,28.8,4
CAND01,0.0,,,,,,,0.0,1.6666666666666667,JJ,Saturday,50.0,45.0,9.354143466934854,60.0,40.0,5
SCOJ01,0.0,,,,,,,0.0,1.0,BECKY,Saturday,60.0,60.0,,60.0,60.0,1
BROF01,0.0,,,,,,,0.0,2.0,JOANNE,Saturday,91.25,92.5,51.051444641655344,140.0,40.0,4
LAMC01,0.0,,,,,,,0.0,1.0,BECKY,Saturday,30.0,30.0,,30.0,30.0,1
ODOA01,0.0,,,,,,,0.0,1.0,BECKY,Saturday,40.0,40.0,,40.0,40.0,1
SHIL01,0.0,,,,,,,0.0,1.0,SINEAD,Saturday,70.0,70.0,,70.0,70.0,1
CHUJ01,0.0,,,,,,,0.0,1.5,SINEAD,Thursday,50.35,50.0,19.477358650494683,70.0,31.05,3
BENL01,0.0,,,,,,,0.0,1.5,JOANNE,Saturday,94.0,92.0,95.01578816175763,190.0,0.0,3
GAGC01,0.0,,,,,,,0.0,1.0,JJ,Saturday,82.0,82.0,,82.0,82.0,1
HESM01,0.0,,,,,,,0.0,1.0,SINEAD,Saturday,70.0,70.0,,70.0,70.0,1
STEL01,0.0,,,,,,,0.0,1.0,JJ,Friday,82.0,82.0,,82.0,82.0,1
SARM01,0.0,,,,,,,0.0,1.5,JJ,Saturday,72.33333333333333,82.0,19.39931270260195,85.0,50.0,3
JONK01,0.0,,,,,,,0.0,1.0,BECKY,Sunday,60.0,60.0,,60.0,60.0,1
DAV*01,0.0,,,,,,,0.0,1.0,JJ,Friday,92.0,92.0,14.142135623730951,102.0,82.0,2
KIMS01,0.0,,,,,,,0.0,2.0,JJ,Tuesday,83.5,83.5,12.020815280171307,92.0,75.0,2
JUDJ01,0.0,,,,,,,0.0,1.0,SINEAD,Tuesday,70.0,70.0,,70.0,70.0,1
KIMY01,0.0,,,,,,,0.0,1.0,JJ,Tuesday,82.0,82.0,,82.0,82.0,1
BOSJ01,0.0,,,,,,,0.0,1.6666666666666667,SINEAD,Tuesday,62.85,70.0,29.228884686214077,90.0,30.73,5
ALZR01,0.0,,,,,,,0.0,1.0,BECKY,Tuesday,60.0,60.0,,60.0,60.0,1
TAYJ01,0.0,,,,,,,0.0,2.0,JJ,Tuesday,131.0,131.0,41.012193308819754,160.0,102.0,2
MCPL01,0.0,,,,,,,0.0,2.0,BECKY,Tuesday,95.0,95.0,77.78174593052023,150.0,40.0,2
ANDN01,0.0,,,,,,,0.0,1.0,SINEAD,Wednesday,70.0,70.0,,70.0,70.0,1
SINJ01,0.0,,,,,,,0.0,1.0,JJ,Wednesday,82.0,82.0,,82.0,82.0,1
CRIV01,0.0,,,,,,,0.0,1.0,SINEAD,Wednesday,70.0,70.0,,70.0,70.0,1
CABL01,0.0,,,,,,,0.0,1.0,JOANNE,Wednesday,65.0,65.0,,65.0,65.0,1
BERH01,0.0,,,,,,,0.0,1.5,JJ,Wednesday,78.0,90.0,22.538855339169288,92.0,52.0,3
RUPN01,0.0,,,,,,,0.0,1.0,SINEAD,Wednesday,70.0,70.0,,70.0,70.0,1
MCLE01,0.0,,,,,,,0.0,1.0,SINEAD,Wednesday,70.0,70.0,,70.0,70.0,1
SOLR01,0.0,,,,,,,0.0,1.0,BECKY,Thursday,60.0,60.0,,60.0,60.0,1
DINJ01,0.0,,,,,,,0.0,1.0,BECKY,Thursday,60.0,60.0,,60.0,60.0,1
MONE01,0.0,,,,,,,0.0,1.0,SINEAD,Thursday,70.0,70.0,,70.0,70.0,1
NORB01,0.0,,,,,,,0.0,1.0,JJ,Thursday,0.0,0.0,,0.0,0.0,1
NORL01,0.0,,,,,,,0.0,1.0,JJ,Thursday,82.0,82.0,,82.0,82.0,1
SHAP01,0.0,,,,,,,0.0,1.0,BECKY,Thursday,60.0,60.0,,60.0,60.0,1
STEP01,0.0,,,,,,,0.0,1.0,SINEAD,Thursday,70.0,70.0,,70.0,70.0,1
HOLS01,0.0,,,,,,,0.0,1.0,JOANNE,Thursday,120.0,120.0,,120.0,120.0,1
TAYR01,0.0,,,SHCM,JJ,SHCM,0.0,1.0,1.0,JJ,Thursday,40.0,40.0,,40.0,40.0,1
TAYT01,0.0,,,,,,,0.0,1.0,SINEAD,Thursday,35.0,35.0,,35.0,35.0,1
BOES01,0.0,,,,,,,0.0,1.0,JOANNE,Friday,120.0,120.0,0.0,120.0,120.0,2
MARK01,2.0,CON,BECKY,SHCW,BECKY,SHCW,0.0,1.0,1.0,BECKY,Thursday,70.0,70.0,14.142135623730951,80.0,60.0,2
REIC01,0.0,,,,,,,0.0,1.0,JOANNE,Thursday,140.0,140.0,,140.0,140.0,1
ROSD01,0.0,,,,,,,0.0,1.0,JJ,Thursday,82.0,82.0,,82.0,82.0,1
THOW01,0.0,,,,,,,0.0,1.0,JJ,Friday,67.0,67.0,49.49747468305833,102.0,32.0,2
GIEC01,0.0,,,,,,,0.0,1.0,JJ,Friday,40.0,40.0,,40.0,40.0,1
GRAA01,0.0,,,,,,,0.0,1.0,JJ,Friday,82.0,82.0,,82.0,82.0,1
REDM01,0.0,,,SBD,JJ,SBD,12.0,1.0,1.0,JJ,Friday,61.333333333333336,82.0,54.04936015655813,102.0,0.0,3
KHAN01,0.0,,,,,,,0.0,1.0,BECKY,Friday,30.0,30.0,,30.0,30.0,1
COWL01,0.0,,,,,,,0.0,3.0,JOANNE,Friday,81.66666666666667,70.0,63.31139971074193,150.0,25.0,3
CHA*01,0.0,,,,,,,0.0,1.0,JJ,Friday,82.0,82.0,,82.0,82.0,1
NICL01,0.0,,,,,,,0.0,2.0,JJ,Friday,59.9,59.9,31.254119728445403,82.0,37.8,2
TIML01,0.0,,,,,,,0.0,1.0,JJ,Friday,32.0,32.0,,32.0,32.0,1
WARK01,0.0,,,,,,,0.0,1.0,BECKY,Friday,30.0,30.0,,30.0,30.0,1
BUSC01,0.0,,,,,,,0.0,1.0,JJ,Tuesday,92.0,92.0,14.142135623730951,102.0,82.0,2
SMIS01,0.0,,,,,,,0.0,1.0,JOANNE,Saturday,140.0,140.0,,140.0,140.0,1
PEEL01,0.0,,,,,,,0.0,1.0,SINEAD,Saturday,30.0,30.0,,30.0,30.0,1
TYRK01,0.0,,,,,,,0.0,2.0,JOANNE,Saturday,95.0,95.0,77.78174593052023,150.0,40.0,2
DESA01,0.0,,,,,,,0.0,1.0,JJ,Tuesday,82.0,82.0,,82.0,82.0,1
TAYJ02,0.0,,,,,,,0.0,2.0,JJ,Saturday,121.0,121.0,41.012193308819754,150.0,92.0,2
TINT02,0.0,,,,,,,0.0,1.0,JJ,Saturday,82.0,82.0,,82.0,82.0,1
ROST01,0.0,,,,,,,0.0,1.0,JJ,Saturday,40.0,40.0,,40.0,40.0,1
LYL01,0.0,,,,,,,0.0,1.0,JJ,Saturday,82.0,82.0,,82.0,82.0,1
HOP01,0.0,,,,,,,0.0,1.0,JJ,Wednesday,82.0,82.0,,82.0,82.0,1
MOLC01,0.0,,,,,,,0.0,1.0,BECKY,Tuesday,60.0,60.0,,60.0,60.0,1
MONL01,0.0,,,,,,,0.0,1.0,SINEAD,Tuesday,70.0,70.0,,70.0,70.0,1
CHMY01,0.0,,,,,,,0.0,1.0,BECKY,Tuesday,60.0,60.0,,60.0,60.0,1
BREF01,0.0,,,SHCM,JJ,SHCM,2.0,1.0,2.0,JJ,Tuesday,35.365,35.365,6.5548798615992965,40.0,30.73,2
MACR01,0.0,,,,,,,0.0,1.0,SINEAD,Tuesday,35.0,35.0,,35.0,35.0,1
ROSM01,0.0,,,,,,,0.0,1.0,JOANNE,Tuesday,50.0,50.0,,50.0,50.0,1
KUCM02,0.0,,,,,,,0.0,3.0,JJ,Tuesday,60.93333333333334,50.4,18.244268506392178,82.0,50.4,3
ARAI01,0.0,,,,,,,0.0,1.0,BECKY,Tuesday,60.0,60.0,,60.0,60.0,1
LUCL01,0.0,,,,,,,0.0,1.0,BECKY,Tuesday,60.0,60.0,,60.0,60.0,1
LAMD01,0.0,,,,,,,0.0,1.0,JJ,Wednesday,82.0,82.0,,82.0,82.0,1
CURK01,0.0,,,,,,,0.0,1.0,SINEAD,Wednesday,70.0,70.0,,70.0,70.0,1
LINM01,0.0,,,,,,,0.0,1.0,JJ,Thursday,82.0,82.0,,82.0,82.0,1
MACT01,0.0,,,,,,,0.0,1.0,JJ,Wednesday,40.0,40.0,,40.0,40.0,1
STOS01,0.0,,,,,,,0.0,1.0,SINEAD,Thursday,70.0,70.0,,70.0,70.0,1
CHUA01,0.0,,,,,,,0.0,2.0,JJ,Thursday,111.0,111.0,26.870057685088806,130.0,92.0,2
HAMD01,0.0,,,,,,,0.0,1.0,BECKY,Thursday,30.0,30.0,,30.0,30.0,1
PRIL01,0.0,,,,,,,0.0,1.0,JJ,Thursday,51.0,51.0,,51.0,51.0,1
LOCS01,0.0,,,,,,,0.0,1.0,JOANNE,Thursday,140.0,140.0,,140.0,140.0,1
BUEM01,0.0,,,,,,,0.0,1.0,SINEAD,Thursday,30.0,30.0,,30.0,30.0,1
FLEC01,0.0,,,,,,,0.0,1.0,JJ,Thursday,82.0,82.0,,82.0,82.0,1
SAMJ01,0.0,,,,,,,0.0,2.0,JJ,Friday,108.25,108.25,59.04341622907672,150.0,66.5,2
CHUC01,0.0,,,,,,,0.0,1.0,JJ,Friday,82.0,82.0,,82.0,82.0,1
NICS01,0.0,,,,,,,0.0,1.0,JJ,Friday,82.0,82.0,,82.0,82.0,1
CORS02,0.0,,,,,,,0.0,1.0,BECKY,Friday,70.0,70.0,14.142135623730951,80.0,60.0,2
PRIM01,0.0,,,,,,,0.0,1.0,JJ,Friday,51.0,51.0,,51.0,51.0,1
MASA01,0.0,,,CBAL,JOANNE,CBAL,1.0,2.0,1.0,BECKY,Friday,30.0,30.0,,30.0,30.0,1
MESK01,0.0,,,,,,,0.0,1.0,JJ,Friday,82.0,82.0,,82.0,82.0,1
MCKS01,0.0,,,,,,,0.0,1.0,SINEAD,Saturday,70.0,70.0,,70.0,70.0,1
IORC01,0.0,,,,,,,0.0,1.0,JJ,Saturday,82.0,82.0,,82.0,82.0,1
JONW01,0.0,,,,,,,0.0,1.0,KELLY,Saturday,45.0,45.0,,45.0,45.0,1
JONE01,0.0,,,,,,,0.0,3.0,KELLY,Saturday,98.0,45.0,132.69137123415373,249.0,0.0,3
HASS01,0.0,,,,,,,0.0,2.0,KELLY,Saturday,36.225,36.225,12.409724009823911,45.0,27.45,2
OGOE01,0.0,,,,,,,0.0,1.0,KELLY,Saturday,45.0,45.0,,45.0,45.0,1
RONM01,0.0,,,,,,,0.0,1.0,JOANNE,Saturday,160.0,160.0,,160.0,160.0,1
DANJ01,0.0,,,,,,,0.0,1.5,BECKY,Saturday,50.0,50.0,20.0,70.0,30.0,3
MCGM01,0.0,,,,,,,0.0,1.0,SINEAD,Saturday,35.0,35.0,,35.0,35.0,1
BARE01,0.0,,,,,,,0.0,2.0,KELLY,Saturday,55.0,55.0,14.142135623730951,65.0,45.0,2
RIZB01,0.0,,,,,,,0.0,2.0,KELLY,Saturday,55.0,55.0,0.0,55.0,55.0,2
DANG01,0.0,,,,,,,0.0,1.0,JJ,Saturday,82.0,82.0,,82.0,82.0,1
LURM01,0.0,,,,,,,0.0,1.0,JOANNE,Saturday,120.0,120.0,,120.0,120.0,1
MOGS01,0.0,,,,,,,0.0,1.0,KELLY,Tuesday,45.0,45.0,,45.0,45.0,1
ANDJ01,0.0,,,,,,,0.0,4.0,KELLY,Tuesday,70.0,55.0,56.421036266035856,150.0,20.0,4
ERVA01,0.0,,,,,,,0.0,1.0,SINEAD,Tuesday,70.0,70.0,,70.0,70.0,1
DRAR01,0.0,,,,,,,0.0,1.0,SINEAD,Tuesday,35.0,35.0,,35.0,35.0,1
HOLD01,0.0,,,,,,,0.0,1.0,BECKY,Tuesday,60.0,60.0,,60.0,60.0,1
SHAI01,0.0,,,,,,,0.0,3.0,JOANNE,Tuesday,83.33333333333333,80.0,65.06407098647712,150.0,20.0,3
PN01,0.0,,,,,,,0.0,1.0,KELLY,Tuesday,35.0,35.0,,35.0,35.0,1
RIVA01,0.0,,,,,,,0.0,1.0,BECKY,Tuesday,60.0,60.0,,60.0,60.0,1
KUKH01,0.0,,,,,,,0.0,2.0,BECKY,Tuesday,95.0,95.0,77.78174593052023,150.0,40.0,2
SAVC01,0.0,,,,,,,0.0,1.0,JJ,Wednesday,82.0,82.0,,82.0,82.0,1
KOSA01,0.0,,,,,,,0.0,1.0,KELLY,Wednesday,45.0,45.0,,45.0,45.0,1
SINS02,0.0,,,,,,,0.0,1.0,KELLY,Wednesday,30.0,30.0,,30.0,30.0,1
.L01,0.0,,,SHCW,JJ,SHCW,5.0,1.0,2.0,JJ,Wednesday,131.0,131.0,55.154328932550705,170.0,92.0,2
DRAA01,0.0,,,,,,,0.0,1.0,KELLY,Wednesday,55.0,55.0,,55.0,55.0,1
CLEE01,0.0,,,,,,,0.0,2.0,SINEAD,Wednesday,52.7,52.7,24.465894629054546,70.0,35.4,2
PARJ01,0.0,,,,,,,0.0,1.0,KELLY,Wednesday,35.0,35.0,,35.0,35.0,1
VELA01,0.0,,,,,,,0.0,1.0,JJ,Wednesday,82.0,82.0,,82.0,82.0,1
SHEK01,0.0,,,,,,,0.0,1.0,SINEAD,Wednesday,70.0,70.0,,70.0,70.0,1
WALS01,0.0,,,,,,,0.0,1.0,SINEAD,Wednesday,70.0,70.0,,70.0,70.0,1
HENA01,0.0,,,,,,,0.0,3.0,JOANNE,Thursday,73.33333333333333,70.0,55.075705472861024,130.0,20.0,3
HOAB01,0.0,,,,,,,0.0,1.0,SINEAD,Thursday,70.0,70.0,,70.0,70.0,1
MAPJ01,0.0,,,,,,,0.0,1.0,JJ,Thursday,82.0,82.0,,82.0,82.0,1
POLB01,0.0,,,,,,,0.0,1.0,BECKY,Thursday,42.5,42.5,17.67766952966369,55.0,30.0,2
HIMB01,0.0,,,SHCW,JJ,SHCW,1.0,1.0,1.0,JJ,Thursday,82.0,82.0,,82.0,82.0,1
THOJ01,0.0,,,,,,,0.0,1.0,SINEAD,Thursday,70.0,70.0,,70.0,70.0,1
AVPR01,0.0,,,,,,,0.0,1.0,BECKY,Thursday,30.0,30.0,,30.0,30.0,1
IADA01,0.0,,,,,,,0.0,1.0,KELLY,Friday,55.0,55.0,,55.0,55.0,1
DORR01,0.0,,,,,,,0.0,1.0,JJ,Friday,82.0,82.0,,82.0,82.0,1
MER*01,0.0,,,,,,,0.0,1.0,KELLY,Friday,55.0,55.0,,55.0,55.0,1
KASJ01,0.0,,,,,,,0.0,1.0,BECKY,Friday,60.0,60.0,,60.0,60.0,1
LYOH01,0.0,,,,,,,0.0,1.0,BECKY,Friday,60.0,60.0,,60.0,60.0,1
HIGA01,0.0,,,,,,,0.0,1.0,KELLY,Friday,55.0,55.0,,55.0,55.0,1
WEIS01,0.0,,,,,,,0.0,1.0,JJ,Friday,40.0,40.0,,40.0,40.0,1
COWS01,0.0,,,,,,,0.0,1.5,JOANNE,Thursday,88.33333333333333,60.0,100.54020754570448,200.0,5.0,3
RADP01,0.0,,,,,,,0.0,1.0,KELLY,Saturday,35.0,35.0,,35.0,35.0,1
FLAS01,0.0,,,,,,,0.0,5.0,SINEAD,Saturday,51.11,36.3,24.23557715425816,80.0,30.73,5
FLAC01,0.0,,,,,,,0.0,4.0,SINEAD,Saturday,78.5625,56.760000000000005,65.01194165946234,170.0,30.73,4
WILT01,0.0,,,,,,,0.0,2.0,JJ,Saturday,72.05,72.05,14.071424945612293,82.0,62.1,2
LANI01,0.0,,,,,,,0.0,1.0,JJ,Saturday,82.0,82.0,,82.0,82.0,1
PATB01,0.0,,,,,,,0.0,1.0,BECKY,Saturday,60.0,60.0,,60.0,60.0,1
RETM01,0.0,,,,,,,0.0,1.0,SINEAD,Saturday,70.0,70.0,,70.0,70.0,1
SASM01,0.0,,,CBAL,KELLY,CBAL,0.0,1.0,3.0,KELLY,Saturday,42.483333333333334,45.0,13.946355557396828,55.0,27.45,3
SPEK01,0.0,,,,,,,0.0,1.0,JOANNE,Saturday,50.0,50.0,,50.0,50.0,1
MAUA01,0.0,,,,,,,0.0,1.0,JJ,Saturday,82.0,82.0,,82.0,82.0,1
DHAL01,0.0,,,,,,,0.0,1.0,JJ,Tuesday,82.0,82.0,,82.0,82.0,1
STEL02,0.0,,,,,,,0.0,1.0,BECKY,Tuesday,30.0,30.0,,30.0,30.0,1
WALC01,0.0,,,,,,,0.0,1.0,JOANNE,Tuesday,65.0,65.0,,65.0,65.0,1
DAWP01,0.0,,,,,,,0.0,1.0,SINEAD,Tuesday,70.0,70.0,,70.0,70.0,1
KEN*01,0.0,,,,,,,0.0,1.5,SINEAD,Wednesday,66.10333333333334,70.0,26.064382465988587,90.0,38.31,3
LEB01,0.0,,,,,,,0.0,2.0,KELLY,Tuesday,35.0,35.0,14.142135623730951,45.0,25.0,2
MULN01,0.0,,,SDUD,JJ,SDUD,3.0,1.0,4.0,JJ,Tuesday,42.65,44.099999999999994,9.256889326334194,50.4,32.0,4
STEJ01,0.0,,,,,,,0.0,3.0,KELLY,Tuesday,55.0,55.0,10.0,65.0,45.0,3
AYKS01,0.0,,,,,,,0.0,2.0,JOANNE,Tuesday,100.0,100.0,49.49747468305833,135.0,65.0,2
VANJ01,0.0,,,,,,,0.0,1.0,BECKY,Tuesday,30.0,30.0,,30.0,30.0,1
BUFJ01,0.0,,,,,,,0.0,1.0,BECKY,Tuesday,30.0,30.0,,30.0,30.0,1
BUFW01,0.0,,,,,,,0.0,1.0,SINEAD,Tuesday,35.0,35.0,,35.0,35.0,1
PUGS01,1.0,CON,JJ,,,,,0.0,1.5,JJ,Tuesday,108.0,102.0,19.697715603592208,130.0,92.0,3
LAWJ01,0.0,,,,,,,0.0,1.0,SINEAD,Tuesday,35.0,35.0,,35.0,35.0,1
HILD01,0.0,,,CHLPHC,JOANNE,CHLPHC,14.0,2.0,2.0,JOANNE,Tuesday,92.5,92.5,123.74368670764582,180.0,5.0,2
THOA01,0.0,,,,,,,0.0,1.0,KELLY,Tuesday,55.0,55.0,,55.0,55.0,1
DODK01,1.0,CON,SINEAD,,,,,0.0,1.0,SINEAD,Tuesday,70.0,70.0,,70.0,70.0,1
STEM02,0.0,,,,,,,0.0,1.0,JJ,Tuesday,40.0,40.0,,40.0,40.0,1
ANDM01,0.0,,,,,,,0.0,1.0,BECKY,Tuesday,30.0,30.0,,30.0,30.0,1
MORD01,0.0,,,,,,,0.0,1.0,KELLY,Wednesday,35.0,35.0,,35.0,35.0,1
BALJ01,0.0,,,,,,,0.0,1.0,SINEAD,Wednesday,80.0,80.0,14.142135623730951,90.0,70.0,2
HOUC01,0.0,,,,,,,0.0,1.0,KELLY,Wednesday,45.0,45.0,,45.0,45.0,1
MAEJ01,0.0,,,CFC,BECKY,CFC,8.0,1.0,3.0,JJ,Wednesday,60.91,60.0,30.64513501357108,92.0,30.73,3
DEK01,0.0,,,,,,,0.0,1.0,JJ,Wednesday,82.0,82.0,,82.0,82.0,1
MOHR01,0.0,,,,,,,0.0,1.0,KELLY,Wednesday,75.0,75.0,,75.0,75.0,1
FREJ01,0.0,,,,,,,0.0,1.0,BECKY,Wednesday,30.0,30.0,,30.0,30.0,1
CHUH01,0.0,,,,,,,0.0,1.0,SINEAD,Wednesday,70.0,70.0,,70.0,70.0,1
WILS01,0.0,,,,,,,0.0,1.0,JJ,Thursday,102.0,102.0,,102.0,102.0,1
WAIS01,0.0,,,,,,,0.0,1.0,SINEAD,Thursday,70.0,70.0,,70.0,70.0,1
LEEJ01,0.0,,,,,,,0.0,1.0,KELLY,Thursday,55.0,55.0,,55.0,55.0,1
STED01,0.0,,,,,,,0.0,1.0,KELLY,Thursday,35.0,35.0,,35.0,35.0,1
MACK01,0.0,,,,,,,0.0,1.0,SINEAD,Thursday,35.0,35.0,,35.0,35.0,1
HOLG01,0.0,,,,,,,0.0,1.0,KELLY,Thursday,75.0,75.0,,75.0,75.0,1
OGRS01,0.0,,,,,,,0.0,3.0,JOANNE,Thursday,58.333333333333336,25.0,80.36375634160795,150.0,0.0,3
PAUB01,0.0,,,,,,,0.0,3.0,KELLY,Thursday,75.0,45.0,65.3834841531101,150.0,30.0,3
SCHP01,0.0,,,,,,,0.0,2.0,BECKY,Friday,90.0,90.0,28.284271247461902,110.0,70.0,2
FZUA01,0.0,,,,,,,0.0,1.0,BECKY,Friday,60.0,60.0,,60.0,60.0,1
NADS01,0.0,,,,,,,0.0,3.0,JJ,Friday,55.666666666666664,50.0,17.21433511156714,75.0,42.0,3
PAIK01,0.0,,,,,,,0.0,1.0,BECKY,Friday,60.0,60.0,,60.0,60.0,1
HOFA01,0.0,,,,,,,0.0,2.0,JJ,Saturday,30.0,30.0,42.42640687119285,60.0,0.0,2
RUMJ02,0.0,,,,,,,0.0,2.0,JJ,Saturday,76.0,76.0,22.627416997969522,92.0,60.0,2
PURD01,0.0,,,,,,,0.0,1.0,JJ,Saturday,40.0,40.0,,40.0,40.0,1
METJ01,0.0,,,,,,,0.0,2.0,BECKY,Saturday,40.0,40.0,28.284271247461902,60.0,20.0,2
PEDM02,0.0,,,,,,,0.0,1.0,BECKY,Saturday,30.0,30.0,,30.0,30.0,1
PHIC01,1.0,SHCW,SINEAD,,,,,0.0,1.0,SINEAD,Saturday,70.0,70.0,,70.0,70.0,1
ABLD01,0.0,,,,,,,0.0,1.0,BECKY,Saturday,30.0,30.0,,30.0,30.0,1
BURK01,0.0,,,,,,,0.0,1.0,KELLY,Saturday,35.0,35.0,,35.0,35.0,1
VARL01,0.0,,,,,,,0.0,2.0,KELLY,Saturday,60.0,60.0,21.213203435596427,75.0,45.0,2
FERK01,0.0,,,,,,,0.0,1.0,JJ,Saturday,32.0,32.0,,32.0,32.0,1
STUM01,0.0,,,,,,,0.0,2.0,JOANNE,Saturday,98.9,98.9,86.40844866099611,160.0,37.8,2
MAF*01,0.0,,,,,,,0.0,2.0,JJ,Saturday,59.9,59.9,31.254119728445403,82.0,37.8,2
DHAS01,0.0,,,,,,,0.0,1.0,KELLY,Saturday,55.0,55.0,,55.0,55.0,1
CZES01,0.0,,,,,,,0.0,1.0,BECKY,Sunday,240.0,240.0,,240.0,240.0,1
MICM01,0.0,,,,,,,0.0,1.0,BECKY,Sunday,60.0,60.0,,60.0,60.0,1
INGS01,0.0,,,,,,,0.0,1.0,BECKY,Sunday,60.0,60.0,,60.0,60.0,1
COMJ01,0.0,,,,,,,0.0,2.0,BECKY,Sunday,47.25,47.25,18.031222920256962,60.0,34.5,2
AITS01,0.0,,,,,,,0.0,1.0,JJ,Tuesday,40.0,40.0,,40.0,40.0,1
TRAS01,0.0,,,,,,,0.0,1.0,JOANNE,Tuesday,130.0,130.0,,130.0,130.0,1
GORM01,0.0,,,,,,,0.0,2.0,JOANNE,Tuesday,62.5,62.5,3.5355339059327378,65.0,60.0,2
FEDS01,0.0,,,,,,,0.0,1.0,JJ,Wednesday,82.0,82.0,,82.0,82.0,1
ANDE01,0.0,,,,,,,0.0,1.0,KELLY,Wednesday,55.0,55.0,,55.0,55.0,1
CHRJ01,0.0,,,,,,,0.0,1.0,JJ,Wednesday,82.0,82.0,,82.0,82.0,1
WEES01,1.0,CON,JJ,,,,,0.0,1.0,JJ,Wednesday,40.0,40.0,,40.0,40.0,1
NGUJ01,0.0,,,,,,,0.0,3.0,KELLY,Wednesday,100.0,75.0,70.88723439378913,180.0,45.0,3
AMAK01,0.0,,,,,,,0.0,1.0,KELLY,Wednesday,35.0,35.0,,35.0,35.0,1
LEEK01,0.0,,,,,,,0.0,1.0,KELLY,Wednesday,55.0,55.0,,55.0,55.0,1
CLAJ01,0.0,,,,,,,0.0,1.0,JJ,Wednesday,32.0,32.0,,32.0,32.0,1
TRUA01,0.0,,,,,,,0.0,1.0,JJ,Wednesday,40.0,40.0,,40.0,40.0,1
BIZK01,0.0,,,,,,,0.0,1.0,JJ,Thursday,32.0,32.0,,32.0,32.0,1
WINJ01,0.0,,,,,,,0.0,1.0,JJ,Thursday,82.0,82.0,,82.0,82.0,1
CLUS01,0.0,,,,,,,0.0,1.0,KELLY,Thursday,55.0,55.0,,55.0,55.0,1
SWAM01,0.0,,,,,,,0.0,1.0,KELLY,Thursday,55.0,55.0,,55.0,55.0,1
HERD01,0.0,,,,,,,0.0,2.0,KELLY,Thursday,31.725,31.725,18.773685040502837,45.0,18.45,2
MALJ01,0.0,,,,,,,0.0,1.0,JJ,Friday,82.0,82.0,,82.0,82.0,1
MARO01,0.0,,,,,,,0.0,1.0,KELLY,Friday,60.0,60.0,,60.0,60.0,1
DANJ02,0.0,,,,,,,0.0,1.0,BECKY,Thursday,60.0,60.0,,60.0,60.0,1
STOK02,0.0,,,,,,,0.0,1.0,JJ,Friday,82.0,82.0,,82.0,82.0,1
NGC01,0.0,,,,,,,0.0,1.0,KELLY,Friday,55.0,55.0,,55.0,55.0,1
MERN01,0.0,,,CFC,KELLY,CFC,2.0,1.0,1.0,KELLY,Friday,55.0,55.0,,55.0,55.0,1
CALC01,0.0,,,,,,,0.0,1.0,KELLY,Friday,55.0,55.0,,55.0,55.0,1
BEAA02,0.0,,,,,,,0.0,2.0,JJ,Friday,59.9,59.9,31.254119728445403,82.0,37.8,2
JARS01,0.0,,,,,,,0.0,1.0,JJ,Thursday,82.0,82.0,,82.0,82.0,1
YANJ01,0.0,,,SHCW,KELLY,SHCW,0.0,1.0,1.0,KELLY,Saturday,45.0,45.0,,45.0,45.0,1
LEAS01,0.0,,,,,,,0.0,1.0,JOANNE,Saturday,50.0,50.0,,50.0,50.0,1
